Date,Activity,Route number,Name,Elapsed seconds,Distance (km),Pace,Weight,Steps,Notes
2025-05-03,,143114,Reservoir Basic,1089,3.40,5.34,157,,"53F, cloudy, took it slow. HR stayed at 150 uphill but climbed to 189 downhill(!).  (ring)"
2025-05-01,,242812,Greenlake out-and-back 5k,2037,4.90,5.50,159,,"65F,sunny, took slow, HRmax = 176 tried for 150-160. (ring)"
2025-04-27,,,,,6.30,,159,,"53F, cldy, ravenna -> woodlawn -> 80th -->20th -- home. (ring)
"
2025-04-24,,866647,Reverse Latona,1032,3.28,5.25,159,,"60F, sunny, (ring)
"
2025-04-21,,143114,Reservoir Basic,,3.40,,159,,"50F, ptly sunny, (ring)"
2025-04-13,,143116,Greenlake 3k,1159,3.90,4.95,158,,"55F, sunny, glorious
"
2025-04-10,,,,1440,,,158,,"55F, down to campus and back."
2025-04-06,,,,1446,,,158,,"55F, wet, down to cherry blossoms, circled Hub lawn back on 15th."
2025-04-01,,143114,Reservoir Basic,1006,3.40,4.93,157,,"46F, wet, cloudy, Timex (ring)"
2025-03-27,,143116,Greenlake 3k,1164,3.90,4.97,158,,"47F, ptly sunny, (ring, timex)
"
2025-03-19,,,,,10.00,,159,,"53F, sunny, Central Park top to bottom and back. (ring)"
2025-03-07,,,,1741,,,158,,"45F, cldy, 70th to Greenlake and back. (Timex) (ring) Run-Walk (RW) 3 walks."
2025-03-05,,234220,Upper Reservoir Park,1405,4.62,5.07,158,,"51F, sunny, Timex"
2025-02-28,,143114,Reservoir Basic,1029,3.40,5.04,159,,"60F, sunny, Timex (ring)
"
2025-02-26,,242812,Greenlake out-and-back 5k,1518,4.90,5.16,159,,"53F, sunny, Timex Time (ring)"
2025-02-22,,143114,Reservoir Basic,1154,3.40,5.65,160,,"52F, light rain. Timex"
2025-02-17,,,,,4.79,,160,,"47F, wet, cldy, 9th to 65th, 70th to 18t to 80th back via 17th. (ring)"
2025-02-15,,970669,20th to 85th Loop,,5.67,,158,,"42f, cloudy (ring)
"
2025-02-09,,143114,Reservoir Basic,,3.40,,158,,"40F, waited till 11 till ice melted(!) ptly cldy.  L Knee issue: paused last wk. "
2025-02-01,,242812,Greenlake out-and-back 5k,,4.90,,158,,"40F, cloudy (ring)"
2025-01-28,,,,,4.57,,158,,"60F, sunny, up & down Crest Canyon to Viewpoint Brewing (ring)"
2025-01-26,,,,,5.64,,158,,"60F, cloudy, Torry Pines with Alec! (ring)"
2025-01-24,,,,,6.00,,159,,"40F, Sunny, 15th => 70th => GL pond. (ring)
"
2025-01-24,,,,,7.25,,158,,"50F, Delmar to beach from Marriott (ring)"
2025-01-18,,653902,45th to 65th loop,,3.08,,159,,"18F, sunny"
2025-01-14,,970669,20th to 85th Loop,,5.67,,159,,"38F, cloudy"
2025-01-09,,143116,Greenlake 3k,,3.90,,158,,"50F, sunny, tired after flight from NYC"
2024-12-31,,866647,Reverse Latona,,3.28,,158,,"42F, cloudy, 159bpm avg, (ring)"
2024-12-23,,,,,3.25,,158,,"60F, North Park to El Cajon. "
2024-12-21,,,,,8.60,,158,,"65F, sunny, Balboa Pk NtoS and back (ring)"
2024-12-18,,,,,5.41,,158,,"50F, sunny,   15th to 70th to Greenlake turnaround.  Out of gas at Spudds (?) (ring)"
2024-12-15,,,,,5.23,,157,,"45F, cldy, 52nd, 55th, BGT, home via ravine."
2024-12-12,,653902,45th to 65th loop,1150,3.08,6.22,157,,"45F, cloudy, wet, (ring)"
2024-12-08,,970669,20th to 85th Loop,,5.67,,156,,"45F, cloudy, slight gut cramps. extra stops (ring)"
2024-11-30,,,,,4.80,,157,,"43F, sunny, 52nd to 20th to 75th to 15th (ring)"
2024-11-28,,242812,Greenlake out-and-back 5k,,4.90,,157,,"35F, foggy, modified (avoid race) (ring)"
2024-11-23,,866647,Reverse Latona,,3.28,,158,,"50F, cloudy, (ring)"
2024-11-21,,143114,Reservoir Basic,,3.40,,158,,"43, cloudy, (ring)"
2024-11-14,,970669,20th to 85th Loop,,5.67,,156,,"50F, wet. "
2024-11-10,,143117,Greenlake 5k,,5.01,,155,,"51F, cloudy (ring)"
2024-11-06,,,,,,,155,,"55F, cldy, 45th-65th route++ (ring)"
2024-11-02,,,,,6.07,,155,,"50F, partly cloudy, to GL, up to 80th, up and over to Res. down 20th to bridge."
2024-10-31,,143116,Greenlake 3k,,3.90,,155,,"52F, partly sunny, (ring)"
2024-10-24,,,,2700,7.82,5.75,157,,"56F, Sunny, Gasworks-Westlake-SLU/MHI, "
2024-10-19,,143114,Reservoir Basic,1052,3.40,5.15,156,,"65F, cloudy, 2:30PM (ring)"
2024-10-15,,970669,20th to 85th Loop,1722,5.50,5.22,156,,"59F, cloudy"
2024-10-12,,143116,Greenlake 3k,,3.90,,156,,"60F?  no timing went well tho.
"
2024-10-10,,,,,2.40,,155,,"52F, cloudy, 1st post-Covid Run
"
2024-09-15,,970669,20th to 85th Loop,2040,5.67,5.99,156,,"65F, cloudy, with Alec!"
2024-09-12,,970669,20th to 85th Loop,,5.67,,156,,"62F, sunny, 20th -> 85th -> 12th (fbit)"
2024-09-09,,,,,5.80,,156,,"68F, sunny, rav. to 65th to GL. around GL Clockwise. jog home. "
2024-09-04,,,,1200,,,160,,"80F, Prospect Park, Brooklyn NY"
2024-09-01,,,,1080,,,160,,"80F, Port Jefferson NY"
2024-08-27,,970669,20th to 85th Loop,,5.67,,158,,"60F, sunny (no watch!)"
2024-08-20,,916260,GL TriangleSquare,,5.75,,155,,"65F, cloudy, extra stop for Bill Ames!, (fbit)"
2024-08-17,,,,,5.62,,155,,"74F, sunny, 18th to 47th to 45th to latona to Ravenna. (fbit)"
2024-08-15,,143114,Reservoir Basic,,3.40,,155,,"70F, cloudy, felt good, (fbit)"
2024-08-13,,,,,5.20,,155,,"65F, cloudy, Frem.Bridge to Westlake, back via Dexter (fbit)"
2024-08-05,,,,,5.00,,154,,"78F, sunny, ballot box drop off at Greenlake - back via 8oth. (fbit)"
2024-08-02,,143114,Reservoir Basic,,3.40,,154,,"74F, cloudy, (fbit)"
2024-07-30,,,,,9.28,,155,,"72F, GW park to Connor Byrne tavern & back. cloudy"
2024-07-28,,866647,Reverse Latona,,3.28,,155,,"64F, cloudy, (fbit)"
2024-07-26,,,,1740,,,155,,"65F, sunny, arboretum loop (fbit)"
2024-07-22,,,,2050,,,154,,"61F, cloudy, Rav Blvd to GL, Sunnyside to 80th, 80th to Roosevelt to home (fbit)"
2024-07-18,,143116,Greenlake 3k,1148,3.90,4.91,154,,"68F, Sunny, empty stomach, good caff. "
2024-07-14,,,,,4.88,,155,,"75F. sunny, Ravine to BGT to UW up 17th (fbit)
"
2024-07-12,,,,,5.65,,,,"74F, sunny, 20th to 85th"
2024-07-10,,866647,Reverse Latona,,3.28,,,,"65F, sunny"
2024-06-25,,,,,7.46,,155,,"71F, extended 50th/GL/Ravenna (fbit)
"
2024-06-20,,143114,Reservoir Basic,,3.40,,155,,
2024-06-15,,,,2400,,,,,"68F, Sunny, Hollywood Hills, LA
"
2024-06-08,,,,2100,,,156,,"60F, cloudy, South Park SD (~3k)"
2024-06-05,,143114,Reservoir Basic,,3.40,,155,,"66F, ptly cloudy, (fbit)
"
2024-06-03,,242812,Greenlake out-and-back 5k,,4.90,,155,,"60F, sunny, windy (fbit)"
2024-05-29,,861961,LDS Loop,,3.60,,153,,"56F, cloudy 
"
2024-05-27,,242812,Greenlake out-and-back 5k,,4.90,,152,,"64F, ptly cloudy.  (fbit)
"
2024-05-20,,340040,Greenlake out & around,,6.21,,155,,
2024-05-13,,,,,6.14,,155,,"66F, cloudy, (fbit), up 20th to 85th, down Roosevelt"
2024-05-10,,759536,Latona Loop corrected ,,3.56,,155,,"61F, sunny, +0.6km ,  (fbit)"
2024-05-06,,861961,LDS Loop,,3.60,,156,,"55F, partly sunny, (fbit)"
2024-04-22,,,,1800,5.37,5.59,156,,"62F, sunny, 50th to GL to Ravenna blvd"
2024-04-13,,,,1855,4.98,6.21,156,,"61F, partly cloudy, (fbit)  56th -> 20th -> 80th -> 12th"
2024-04-07,,,,1047,3.13,5.58,157,,"56F, cloudy, after lunch, 50th->Latona->65th->Ravenna (fbit)
"
2024-04-02,,,,1440,4.44,5.41,156,,"51F, sunny, 17th to 80th down 12th"
2024-03-26,,653902,45th to 65th loop,990,3.08,5.35,155,,"53F, partly cloudy, (fbit)"
2024-03-24,,866647,Reverse Latona,1040,3.28,5.29,155,,"52F, cloudy, (fbit)"
2024-03-18,,916260,GL TriangleSquare,1740,5.75,5.05,155,,"68F, sunny, (shorts & T!), 
 (fbit)"
2024-03-13,,866647,Reverse Latona,1024,3.28,5.21,155,,"50F, ptly cldy, dry (fbit)
"
2024-03-08,,143117,Greenlake 5k,,5.01,,154,,"48F, cloudy, dry (fbit)"
2024-02-23,,143116,Greenlake 3k,1157,3.90,4.94,157,,"48F, sunny, moderate effort, (fbit)
"
2024-02-20,,143114,Reservoir Basic,1022,3.40,5.01,157,,"49F, cloudy, good caf. + James Brown!
"
2024-02-12,,242812,Greenlake out-and-back 5k,,4.90,,155,,
2024-01-26,,143114,Reservoir Basic,1038,3.40,5.09,155,,"48F, cloudy"
2023-12-31,,861961,LDS Loop,,3.60,,158,,"46F, partly cloudy, (fbit), joints better, groin muscle tear(?) still acting up.
"
2023-12-29,,,,2460,7.49,5.47,160,,"54F, cloudy, Around greenlake and home. long Xmas break - joint pain!  (fbit)
"
2023-12-20,,143117,Greenlake 5k,,5.01,,155,,"46F, sunny, (fbit)
"
2023-12-10,,,,,5.77,,155,,"53F, Sunny BG trail, gassworks - Fred Myer (fbit)"
2023-12-08,,866647,Reverse Latona,,3.28,,155,,"47F, partly sunny, 18:04 fbit time. "
2023-12-01,,,,,3.28,,,,"47F, sunny, (fbit)   Extended Res. Basic. (lunch in tummy)"
2023-11-25,,,,,7.40,,156,,"45F, sunny, epic 50th-Greenlake-Around, (fbit)"
2023-11-19,,866647,Reverse Latona,1018,3.28,5.18,157,,"47F, cloudy, 9:30AM
"
2023-11-17,,143114,Reservoir Basic,1025,3.40,5.02,157,,"37F, sunny, a bit extra caf.
"
2023-11-13,,242812,Greenlake out-and-back 5k,,4.90,,157,,"47F, prtly sunny, (fbit)"
2023-11-10,,143117,Greenlake 5k,,5.01,,157,,"48F, cloudy, (fbit)"
2023-10-30,,143116,Greenlake 3k,,3.90,,157,,"29F, sunny (fbit)
"
2023-10-27,,143116,Greenlake 3k,,3.90,,157,,"46F summy, (fbit) pause button malf. "
2023-10-20,,143114,Reservoir Basic,1016,3.40,4.98,158,,"56F, cloudy; 9:20AM
"
2023-10-13,,242812,Greenlake out-and-back 5k,1507,4.90,5.12,158,,"60F, sunny, 8:45AM, also (fbit)"
2023-10-06,,143117,Greenlake 5k,,5.01,,158,,"67F, sunny, timing messed up (fbit) wrong turn @64th"
2023-10-02,,143116,Greenlake 3k,,3.90,,158,,"55F, light drizzle, 10:45am, fbit"
2023-09-21,,143114,Reservoir Basic,1029,3.40,5.04,158,,"63F, sunny"
2023-09-16,,143114,Reservoir Basic,,3.40,,158,,"73F, 2:00PM, sunny, (fbit)
"
2023-09-08,,143114,Reservoir Basic,,3.40,,158,,"67F, sunny, 10:00AM, fbit"
2023-08-29,,143114,Reservoir Basic,,3.40,,156,,"62F, cloudy, 11:30AM, fbit.
"
2023-08-25,,143114,Reservoir Basic,1020,3.40,5.00,155,,"62F 9:45am, cloudy, fbit
"
2023-08-15,,,,1080,3.62,4.97,155,,"74F, 7:30AM, Ravine and around Ravenna brewing.  fbit"
2023-08-03,,,,2401,,,,,"10AM, Brule, Castle Rd to bridge. PF in foot getting better. "
2023-07-21,,,,0,3.55,,,,"11:30, 66F, cloudy, tangle town, 1st, 50th, Roosev.  fitb, time off due to foot pain (bikerides!)"
2023-07-12,,,,1389,4.58,5.05,155,,"up to 75th, 7:10 to sign, 67F, sunny, 80th to Stroud to GL."
2023-07-10,,143116,Greenlake 3k,1124,3.90,4.80,155,,"64F, cloudy, 11:45am, 3:46 to 65th"
2023-07-08,,143114,Reservoir Basic,1003,3.40,4.91,155,,"69F, Sunny, 1:00, tummy? 7:10 to sign"
2023-07-06,,,,1212,,,155,,"75F, 10:00AM, Ravine to 25th, 65th, 64th to Brooklyn"
2023-07-03,,562270,no lights local loop,1128,3.61,5.21,155,,"74F, sunny, 11:30AM"
2023-06-29,,916260,GL TriangleSquare,1729,5.75,5.01,155,,"73F, sunny"
2023-06-26,,143114,Reservoir Basic,981,3.40,4.81,155,,"67F, 11:10AM, sunny"
2023-06-22,,143114,Reservoir Basic,1002,3.40,4.91,155,,"70F, sunny, 7:08 to sign. "
2023-06-19,,,,1109,,,,,"65F, Juniper st around highschool via Redwood ave. San Diego"
2023-06-17,,,,1326,,,,,"74F, Claremont Mesa, Ca, Moraga ave."
2023-06-14,,,,,5.70,,155,,"65F, to UW via 16th/ back via bgt and ravine (fbit)"
2023-06-12,,143114,Reservoir Basic,1003,3.40,4.91,155,,"75f, sunny, 7:09 to sign"
2023-06-10,,143114,Reservoir Basic,998,3.40,4.89,155,,"56F, cloudy, wet.  7:11 to sign."
2023-06-08,,242812,Greenlake out-and-back 5k,1501,4.90,5.10,156,,"66F, 11AM, sunny"
2023-06-04,,143114,Reservoir Basic,1047,3.40,5.13,156,,"57F, sunny, stomach full!, 7:30AM"
2023-06-01,,,,1980,,,154,,"58F, cloudy, 11AM,  Caffe Ladro, Pine st. to home."
2023-05-29,,143116,Greenlake 3k,1152,3.90,4.92,155,,"56F, cloudy, 12:00 PM, 4:00 to 65th.
"
2023-05-26,,653902,45th to 65th loop,,3.08,,155,,"74F, sunny, fbit."
2023-05-22,,,,1334,,,157,,"70F, 9:30AM, Graceland Cemetery, Chicago"
2023-05-20,,,,1735,,,157,,"56F, 11AM, Chicago 606 elevated trail. "
2023-05-18,,,,1691,,,157,,"60F, hazy, Chicago River"
2023-05-15,,,,1375,,,156,,"85F, sunny, Ravine, 4 laps, fbit"
2023-05-12,,143116,Greenlake 3k,1152,3.90,4.92,156,,"64F, sunny, 8:30AM, full bkfst?"
2023-05-08,,861961,LDS Loop,1021,3.60,4.73,156,,"62F, sunny.  11:00AM"
2023-05-06,,143114,Reservoir Basic,,3.40,,156,,"58F, drizzle, cloudy, fbit"
2023-05-03,,340040,Greenlake out & around,2025,6.21,5.43,158,,"68F, sunny fbit.  took it easy."
2023-04-30,,,,,5.04,,158,,"59F, cloudy, resservoir 5k backward(!)  fbit."
2023-04-27,,143114,Reservoir Basic,1014,3.40,4.97,158,,"63F, Sunny. just after lunch, band sleep night. "
2023-04-24,,143116,Greenlake 3k,,3.90,,158,,"55F, partly sunny, stopwatch glitch. fbit"
2023-04-19,,,,1620,,,158,,"52F, up to Maple Leaf, back via Project 9. to 15th."
2023-04-17,,,,1920,,,158,,"48F, Rockridge hills. (fbit)
"
2023-04-14,,,,1219,,,158,,"52F, Sunny, North Oakland & Berkeley"
2023-04-12,,,,1125,,,157,,"49F, partly cloudy, 50th->Latona->65th->12th"
2023-04-04,,,,1588,,,158,,"53F, Sunny, up 20th to 85th, back via Plan 9 and 15th. "
2023-03-31,,143114,Reservoir Basic,1017,3.40,4.98,158,,"48F, cloudy, 12:00PM"
2023-03-29,,,,1198,,,158,,"56F, Sunny, 11:15AM  up to Proj 9 brewing at Lake City Wy.  
"
2023-03-22,,143116,Greenlake 3k,1168,3.90,4.99,156,,"69F,  Sunny, 2:30PM, big lunch?"
2023-03-20,,,,1214,,,157,,"55F, Sunny, 8th up to 75th, 19th back down. "
2023-03-17,,861961,LDS Loop,1058,3.60,4.90,159,,"55F, Sunny, 9:15AM"
2023-03-15,,143116,Greenlake 3k,1144,3.90,4.89,159,,"45F, sunny, 9:45Am, "
2023-03-10,,653902,45th to 65th loop,936,3.08,5.06,159,,"41F, cloudy."
2023-03-08,,143114,Reservoir Basic,984,3.40,4.82,159,,"46F, partly sunny"
2023-03-04,,,,1554,5.31,4.88,159,,"44F, cloudy, tangletown. "
2023-02-15,,143116,Greenlake 3k,1137,3.90,4.86,159,,"40F, sunny, fast start 3:52 to 65th, then tired out. "
2023-02-10,,143114,Reservoir Basic,988,3.40,4.84,160,,"47F, partly cloudy, dry"
2023-02-08,,861961,LDS Loop,1049,3.60,4.86,160,,"46F, sunny , ~10sec detour"
2023-02-03,,143116,Greenlake 3k,1133,3.90,4.84,159,,"47F, cludy, 3:54 to 65th."
2023-02-01,,143114,Reservoir Basic,982,3.40,4.81,158,,"37F, ptly cloudy, 6:54 to sign"
2023-01-26,,143114,Reservoir Basic,997,3.40,4.88,161,,"41F, ptly sunny, 7:11 to sign"
2023-01-24,,653902,45th to 65th loop,910,3.08,4.92,161,,"41F, cloudy, low-caf?"
2023-01-19,,143114,Reservoir Basic,992,3.40,4.86,161,,"35F, light clouds."
2023-01-17,,143116,Greenlake 3k,1140,3.90,4.87,161,,"46F, mostly cloudy  4:01 to 65th"
2023-01-11,,143114,Reservoir Basic,1010,3.40,4.95,161,,"48F, sunny
"
2023-01-06,,562270,no lights local loop,1124,3.61,5.20,161,,"47F, cloudy, 7:14 to turn"
2023-01-04,,143114,Reservoir Basic,1019,3.40,4.99,161,,"42F, high clouds.
"
2022-12-31,,861961,LDS Loop,,3.60,,163,,"47F, cloudy, no stopwatch. "
2022-12-26,,,,1929,,,162,,"65F, 11:00AM, Sunny, San Diego, muliple short stops. "
2022-12-22,,,,1491,,,161,,"60F, sunny, san Diego"
2022-12-20,,,,1701,,,161,,"10AM, 56f, Sunny, edge of Balboa Pk, San Diego"
2022-12-17,,,,1639,,,161,,"12:00PM, 60F, light clouds.  Around Juniper Canyon, San Diego"
2022-12-14,,242812,Greenlake out-and-back 5k,1486,4.90,5.05,161,,"11AM, 41F, sunny, 3:57 to 65th"
2022-12-11,,653902,45th to 65th loop,932,3.08,5.04,161,,"1:15PM, 43F, cloudy, slight construction re-route."
2022-12-09,,926707,65/55/35//Ravine,1730,5.43,5.31,162,,"2:00PM, 43F, cloudy, 65th, 35th,55th, Ravine."
2022-12-07,,143116,Greenlake 3k,1132,3.90,4.84,161,,"45F, 11:10AM, cloudy"
2022-11-30,,143114,Reservoir Basic,1017,3.40,4.98,161,,"38F, RHS kids!  a bit of snow at 75th."
2022-11-24,,,,1614,5.00,5.38,161,,"35F, foggy, 9:30AM, Magnusen Turkey Trot. WITH SOPHIA! (7/25 60-69age)
"
2022-11-21,,143114,Reservoir Basic,1019,3.40,4.99,161,,"48F, cloudy 12:30PM"
2022-11-19,,,,1534,5.25,4.87,161,,"48F, Sunny, 50th to Stone/Greenlake"
2022-11-17,,143114,Reservoir Basic,993,3.40,4.87,161,,"47F, sunny, 7:03 to sign"
2022-11-15,,242812,Greenlake out-and-back 5k,1465,4.90,4.98,162,162,"50F, sunny, 4:46 to 65th"
2022-11-11,,,,1207,,,162,,"48F, cloudy, down to 43rd back up Roosevelt to 63rd."
2022-11-08,,143116,Greenlake 3k,1139,3.90,4.87,162,,"35F, partly cloudy, windy, 3:53 to 65th"
2022-11-04,,143114,Reservoir Basic,999,3.40,4.89,161,,"58F, cloudy, damp, 6:58 to sign, 3:30PM"
2022-11-01,,861961,LDS Loop,1038,3.60,4.81,161,,"48F, cloudy"
2022-10-30,,,,1516,,,161,,"52F, cloudy, 58th to Woodlawn to 50th home. "
2022-10-28,,143116,Greenlake 3k,1129,3.90,4.82,161,,"52F, cloudy, 3:55 to 65th"
2022-10-26,,143114,Reservoir Basic,990,3.40,4.85,161,,"50F, coudy, 7:03 to sign"
2022-10-21,,861961,LDS Loop,1044,3.60,4.83,162,,"50F, drizzle, no groin pain."
2022-10-14,,143114,Reservoir Basic,975,3.40,4.78,161,,"62F, sunny, smokey, extra stop at sign (shoe tie).  7:05 to sign. 143AQI
"
2022-10-12,,,,1536,5.40,4.74,161,,"65F, like GL square but cut across 65th. sunny, long break @14min - met Gretchen and Luisa!"
2022-10-10,,,,1185,,,161,,"49F, ravine, 25th, 63rd, home."
2022-10-07,,861961,LDS Loop,1031,3.60,4.77,161,,"58F, 9AM, smoky AQI 103, no groin pain."
2022-10-04,,,,903,,,,,"55F, 7:30AM, cloudy, down to 45th, up and around the hood.
"
2022-09-30,,143116,Greenlake 3k,1094,3.90,4.67,161,,"56F, good AQI, no groin pain.  3:47 to 65th."
2022-09-27,,,,1468,,,162,,"68F, smoke 80-90 AQI, no groin pain.   Upper Greenlake."
2022-09-22,,562270,no lights local loop,1099,3.61,5.08,160,,"70F, remnant smoke, no groin pain, sunny, 4:00PM"
2022-09-19,,143114,Reservoir Basic,1031,3.40,5.05,161,,"73, sunny, 5:00PM, no groin pain.  7:13 to sign"
2022-09-17,,143114,Reservoir Basic,981,3.40,4.81,160,,"63F, good stretching before, no groin pain.  6:57 to sign.
"
2022-09-14,,,,2214,,,,,
2022-09-12,,,,1440,,,,,"75F, humid.cloudy, Solana Beach,small groin pain at first 100M."
2022-09-10,,,,1194,,,160,,"75F, humid, Solana Beach 101"
2022-09-07,,143114,Reservoir Basic,990,3.40,4.85,160,,"68F, sunny, extra stop at 70th. NO groin pain. "
2022-09-04,,143114,Reservoir Basic,1006,3.40,4.93,160,,"72F, sunny, groin pain good, 7:04 to sign."
2022-09-02,,861961,LDS Loop,1034,3.60,4.79,160,,"64F, sunny, groin felt *good*"
2022-08-30,,143116,Greenlake 3k,1118,3.90,4.78,160,,"72F, 3:56 to 65th. Sunny. Groin pain good. "
2022-08-27,,653902,45th to 65th loop,905,3.08,4.89,160,,"57F, cloudy, wet (slight route change - construction at 45th)"
2022-08-24,,562270,no lights local loop,1049,3.61,4.85,160,,"64F, sunny, groin getting better.  6:52 to sign. groin improving due to PT."
2022-08-19,,,,1367,,,,,"72F, cludy, drizzle.   50th/GL/Ravenna"
2022-08-17,,143116,Greenlake 3k,1094,3.90,4.67,162,,"72F, sunny, 3:59 to 65th. one extra stop."
2022-08-10,,143114,Reservoir Basic,,3.40,,160,,"64F, cloudy, 10AM, timer glitch, but 6:41 to sign, 13:02 to 65th.
"
2022-08-03,,143116,Greenlake 3k,1118,3.90,4.78,160,,"61F, cloudy, started PT warmup.  First 3min better already.  (10min brisk pre-run walk, 5min cooldown as already doing)"
2022-07-31,,653902,45th to 65th loop,917,3.08,4.96,162,,"72F, sunny, 7:30AM, groin pain sill on start. 
"
2022-07-29,,861961,LDS Loop,1055,3.60,4.89,161,,"72F, sunny, 7:15am, overshoot on 2 corners. still groin pain first few mins. 
"
2022-07-20,,916260,GL TriangleSquare,1643,5.75,4.76,162,,"78F, sunny, groin pain on start."
2022-07-17,,143114,Reservoir Basic,997,3.40,4.88,160,,"60F, cloudy, groin pain first 3 min.  7:10 to sign.  rest at 15m
"
2022-07-13,,861961,LDS Loop,1039,3.60,4.81,160,,"68, bright sun. groin improving."
2022-07-07,,143114,Reservoir Basic,995,3.40,4.88,160,,"61F, sunny, 8:00AM, 7:00 to sign, groin better.
"
2022-07-01,,143116,Greenlake 3k,1121,3.90,4.79,160,,"73F, sunny, still groin-pain at start. Seeing Dr. today."
2022-06-24,,,,3000,,,,,"75F, solana beach, run-walk, run-time 36:17
"
2022-06-22,,,,2580,,,,,"67F, Beach/Road Solana Beach. Running time 37:34"
2022-06-19,,,,2640,,,159,,"62F, partly sunny, run-walk, 50th/TangleTown/Greenlake/Ravenna blvd.  Running time 29:29
"
2022-06-15,,861961,LDS Loop,1042,3.60,4.82,160,,"60F, cloudy, less groin pain"
2022-06-08,,,,2315,,,159,,"65F, cloudy, Ravene Run-walk"
2022-05-30,,,,2880,,,158,,"57F, cloudy, run-walk per groin pain article. "
2022-05-26,,143114,Reservoir Basic,969,3.40,4.75,159,,"60F, cloudy, groin hurt first 2 min. 7:00 to sign, extra stop at sign"
2022-05-19,,861961,LDS Loop,1012,3.60,4.69,160,,"54F, Sunny, 10:00AM, groin pain at start"
2022-05-15,,,,1261,,,,,"59F, 10:00AM, Sunny, Oakland, CA"
2022-05-10,,143116,Greenlake 3k,1125,3.90,4.81,159,,"59F, groin pain, sunny"
2022-05-03,,,,1620,,,159,,"56F, cloudy, 3:00pm, slow pace: groin still hurting"
2022-04-27,,,,360,,,159,,"60F, aborted due to groin pain."
2022-04-24,,861961,LDS Loop,1047,3.60,4.85,158,,"59F, 11:00AM, sunny, nursing the groin pull."
2022-04-20,,143116,Greenlake 3k,1118,3.90,4.78,159,,"53F, 11:40AM, groin pain, Birthday break in SF"
2022-04-14,,143114,Reservoir Basic,972,3.40,4.76,157,,"47F, sunny, 6:48 to sign."
2022-04-12,,143114,Reservoir Basic,976,3.40,4.78,155,,"47F, 11:30AM, 6:53 to sign."
2022-04-10,,861961,LDS Loop,1001,3.60,4.64,155,,"59F, 2:00PM, partly sunny."
2022-04-07,,759536,Latona Loop corrected ,1065,3.56,4.99,156,,"56F, 10AM, Sunny"
2022-04-05,,143114,Reservoir Basic,977,3.40,4.79,156,,"52F, 11:00AM, Sunny, extra stop at 68th (phone)"
2022-04-02,,905488,Around Lake Union,2941,10.17,4.82,156,,"60F, ptly cloudy, 2pm, around lake union (with a break at ctr for wooden boats)"
2022-04-01,,143116,Greenlake 3k,1098,3.90,4.69,156,,"53F, cloudy, 3:30PM"
2022-03-28,,,,1228,,,156,,"60F, Solana Beach / Design dist loop."
2022-03-26,,,,1457,,,156,,"55F, 9:30, Solana Beach 101 loop"
2022-03-23,,,,1340,,,156,,"75F, down to delmar beach and back up withstops."
2022-03-21,,,,3600,12.00,5.00,156,,"60F, Delmar to Cardiff & back"
2022-03-18,,143117,Greenlake 5k,1458,5.01,4.85,156,,"48f, cloudy, 11:00am"
2022-03-15,,143114,Reservoir Basic,1003,3.40,4.91,156,,"48F, partly sunny, 10:15AM"
2022-03-12,,861961,LDS Loop,1015,3.60,4.70,157,,"57F, partly cloudy, 1:10PM"
2022-03-09,,,,1221,4.29,4.74,157,,"48F, Sunny, 1:00PM.  Fremont along ship canal."
2022-03-06,,143117,Greenlake 5k,1452,5.01,4.83,157,,"44F, cloudy, 11AM"
2022-03-04,,143114,Reservoir Basic,989,3.40,4.85,157,,"48F, 3:10PM, ptly cloudy, 6:59 to sign"
2022-03-02,,653902,45th to 65th loop,901,3.08,4.87,157,,"50F, wet, cloudy, 2:00PM
"
2022-02-27,,143114,Reservoir Basic,980,3.40,4.80,157,,"48F, 8:30AM, cloudy"
2022-02-25,,861961,LDS Loop,1029,3.60,4.76,157,,"45F, Sunny beautiful. 1:10PM (2 days of cross-country last weekend + cold snap)"
2022-02-16,,861961,LDS Loop,1052,3.60,4.87,156,,"48F,ptly cloudy."
2022-02-11,,143116,Greenlake 3k,1104,3.90,4.72,156,,"48F, sunny, 1:50pm"
2022-02-08,,,,1272,,,157,,"47F, 10:00AM, up to 75th via 20th"
2022-02-04,,143114,Reservoir Basic,,3.40,,157,,"48F, 2:30pm, cloudy, stopwatch goofup"
2022-02-02,,759536,Latona Loop corrected ,1069,3.54,5.03,157,,"39F, cloudy, 1:20PM; maye 10 sec wrong turn
"
2022-01-28,,242812,Greenlake out-and-back 5k,1439,4.90,4.89,157,,"48F, sunny, 3:10pm"
2022-01-27,,143116,Greenlake 3k,1108,3.90,4.73,156,,"40F, 1:10PM, Sunny"
2022-01-25,,,,949,,,156,,"10:30AM, 38F, up to Stevenson Ace"
2022-01-22,,,,1030,,,155,,"1:00PM, 46F, Sunny, Discovery Park!"
2022-01-21,,653902,45th to 65th loop,891,3.08,4.82,155,,"48F, 1:20PM, partly cloudy, eyes dialated"
2022-01-19,,,,1433,5.05,4.73,157,,"4:00pm, 48F, 80th to Dukes to Dukes (around!)"
2022-01-17,,143114,Reservoir Basic,980,3.40,4.80,156,,"12:10, 44F, partly cloudy"
2022-01-14,,759536,Latona Loop corrected ,1064,3.56,4.98,157,,"48F, 3:00PM, ptly cloudy"
2022-01-12,,861961,LDS Loop,1044,3.60,4.83,,,"55F, wet, 2:10pm
"
2022-01-10,,,,1277,,,158,,"44F, drizzle, 20th to 75th"
2022-01-08,,143116,Greenlake 3k,1133,3.90,4.84,158,,"42F, gray & cool.  too fast start: 4:00 to 65th."
2022-01-06,,143114,Reservoir Basic,1006,3.40,4.93,159,,"50F, light rain"
2022-01-04,,861961,LDS Loop,1092,3.60,5.06,159,,"36F, cloudy, icy, took it easy and avoided slipping.  Long break due to cold and snow!"
2021-12-24,,242812,Greenlake out-and-back 5k,1459,4.90,4.96,158,,"41F, cloudy, took it easy, extra stop!"
2021-12-22,,143114,Reservoir Basic,1009,3.40,4.94,158,,"46F, 9:00AM, cloudy"
2021-12-20,,861961,LDS Loop,1032,3.60,4.78,158,,"37F, cloudy, 11:00AM"
2021-12-16,,653902,45th to 65th loop,911,3.08,4.93,158,,"42F, 11:25, partly sunny"
2021-12-15,,143114,Reservoir Basic,993,3.40,4.87,158,,"42F, 10:30AM, cloudy"
2021-12-13,,653902,45th to 65th loop,923,3.08,4.99,158,,"41F, cloudy, damp.  9:30AM
"
2021-12-11,,143114,Reservoir Basic,991,3.40,4.86,158,,"47F, sunny, 11:50am, 6:58 to sign."
2021-12-09,,861961,LDS Loop,1034,3.60,4.79,158,,"41F, pty cloudy, 4:00PM"
2021-12-07,,,,993,,,158,,"48F, wet, 8:30AM"
2021-12-05,,143116,Greenlake 3k,1145,3.90,4.89,158,,"40F, sunny"
2021-12-04,,143114,Reservoir Basic,1014,3.40,4.97,158,,"40F, wet, cloudy, 7:09 to sign."
2021-12-02,,861961,LDS Loop,1062,3.60,4.92,158,,"46F, damp"
2021-11-30,,143114,Reservoir Basic,983,3.40,4.82,158,,"54F, cloudy, windy, 6:59 to sign"
2021-11-28,,143116,Greenlake 3k,1166,3.90,4.98,158,,"58F, cloudy, 9:15AM, tummy full"
2021-11-26,,,,1333,,,158,,"48F, 9:45AM, 18th->20th->63rd"
2021-11-24,,861961,LDS Loop,1047,3.60,4.85,157,,"43F, 10:30AM, cloudy.  took hill easy. "
2021-11-22,,143114,Reservoir Basic,1004,3.40,4.92,158,,"47F, cloudy, 12:00PM  7:10 to sign."
2021-11-21,,143114,Reservoir Basic,999,3.40,4.89,158,,"43F, 10:30AM, cloudy"
2021-11-18,,562270,no lights local loop,1078,3.61,4.98,158,,"47F, cloudy, SE"
2021-11-16,,861961,LDS Loop,1036,3.60,4.80,158,,"47F, sunny"
2021-11-15,,143114,Reservoir Basic,993,3.40,4.87,155,,"51F,mostly sunny, stormy, 7:00 to sign."
2021-11-11,,143114,Reservoir Basic,995,3.40,4.88,157,,"48F, misty, 8:30AM, 7:04 to sign."
2021-11-09,,143116,Greenlake 3k,1124,3.90,4.80,,,"51F, sunny, windy (headwind!)"
2021-11-06,,,,1835,,,,,"58F, 11:00AM, Del Mar Beach / foggy"
2021-11-04,,,,1203,,,160,,"57F, 1:00PM, wet, like nolights-local but overshot to 50th"
2021-11-02,,861961,LDS Loop,1040,3.60,4.82,160,,"48F, cloudy, damp"
2021-10-30,,143116,Greenlake 3k,1123,3.90,4.80,159,,"51F, Sunny, 2:00pm, brew day!"
2021-10-28,,653902,45th to 65th loop,912,3.08,4.93,159,,"55F, light rain, 12:00PM"
2021-10-26,,861961,LDS Loop,1044,3.60,4.83,159,,"55F, mist/rain, 2:00PM"
2021-10-25,,,,1140,,,159,,"54F, cloudy, wet.  Run to ROTC WITH ALEC!"
2021-10-23,,143114,Reservoir Basic,993,3.40,4.87,158,,"53F, cloudy, damp."
2021-10-21,,,,1235,,,158,,"68F, partly sunny, up to 75th back down 15th."
2021-10-19,,759536,Latona Loop corrected ,1072,3.56,5.02,159,,"48F, partly sunny, dry"
2021-10-18,,861961,LDS Loop,1032,3.60,4.78,159,,"48F, 12:45pm, mostly cloudy. took easier on initial uphill."
2021-10-16,,,,1722,,,157,,"66F, partly cloudy, Kelsy Creek Park, Bellevue"
2021-10-14,,143116,Greenlake 3k,1124,3.90,4.80,157,,"47F, cloudy, 12:45pm"
2021-10-12,,653902,45th to 65th loop,909,3.08,4.92,157,,"44F, cloudy, dry, 10:15AM good caff."
2021-10-11,,,,1388,,,157,,"40F, partly cloudy, to work and back."
2021-10-09,,890710,GL up to 80th back Roosevelt ,1348,4.52,4.97,157,,"57F, cloudy, windy, 3:50 to 65th.  GL to Latona to 80th, 75th, Roosevelt"
2021-10-07,,143114,Reservoir Basic,984,3.40,4.82,157,,"55F, sunny, 1:15pm
"
2021-10-05,,653902,45th to 65th loop,896,3.08,4.85,157,,"55F, cloudy wet, 11:45AM"
2021-10-04,,143116,Greenlake 3k,1128,3.90,4.82,157,,"60F, partly cloudy, 11:40AM"
2021-10-02,,861961,LDS Loop,1020,3.60,4.72,157,,"65F, 3:10PM, slow start?"
2021-10-01,,143114,Reservoir Basic,984,3.40,4.82,157,,"60F, Sunny."
2021-09-28,,143114,Reservoir Basic,991,3.40,4.86,158,,"62F, partly sunny, 2:40pm"
2021-09-27,,861961,LDS Loop,1047,3.60,4.85,158,,"58F, 12:15pm, cloudy, pfizer booster this AM"
2021-09-25,,242812,Greenlake out-and-back 5k,1450,4.90,4.93,158,,"70F, Sunny, slow-start
"
2021-09-23,,143114,Reservoir Basic,985,3.40,4.83,158,,"64F, sunny"
2021-09-20,,759536,Latona Loop corrected ,1046,3.56,4.90,158,,"61F, sunny"
2021-09-18,,143116,Greenlake 3k,1115,3.90,4.76,159,,"61F, partly cloudy"
2021-09-16,,,,1747,,,158,,"65F, cloudy, to office and back w/ 4hr break.  Went in via Ravene and BGT"
2021-09-14,,143114,Reservoir Basic,1001,3.40,4.90,159,,"63F, cloudy, detour"
2021-09-13,,,,1285,,,160,,"66F, to office and back"
2021-09-11,,653902,45th to 65th loop,879,3.08,4.75,159,,"67F, 11:40AM"
2021-09-09,,861961,LDS Loop,1050,3.60,4.86,158,,"72F, sunny, 11:45AM, strong start."
2021-09-07,,562270,no lights local loop,1095,3.61,5.06,158,,"75F, 12:00PM, gut backed up(!?)"
2021-09-06,,242812,Greenlake out-and-back 5k,1438,4.90,4.89,157,,"10AM, 71F, 12:05 to turn. felt sluggish after turn."
2021-09-04,,143116,Greenlake 3k,1105,3.90,4.72,157,,"3:45PM, 77F, slightly hung over"
2021-09-02,,653902,45th to 65th loop,877,3.08,4.74,158,,"11:30AM, 71F, sunny beautiful, tried to keep it fun."
2021-09-01,,143114,Reservoir Basic,1004,3.40,4.92,158,,"10:15AM, 63F, sunny, construction detour.
"
2021-08-30,,861961,LDS Loop,1063,3.60,4.92,158,,"60F, 11:30AM, cloudy, consolidation, bike Rainier hike yesterday!"
2021-08-28,,143117,Greenlake 5k,1472,5.01,4.90,158,,"71F, sunny, 12:00PM"
2021-08-26,,143116,Greenlake 3k,1130,3.90,4.83,158,,"4:00PM, 68F, humid, misty, low energy at start.  Mental struggle before start."
2021-08-24,,861961,LDS Loop,999,3.60,4.63,158,,"11:30am, 70F, sunny"
2021-08-23,,143114,Reservoir Basic,993,3.40,4.87,158,,"11:30AM, 65F, Sunny, construction detours"
2021-08-21,,653902,45th to 65th loop,889,3.08,4.81,159,,"12:30PM, 65F, slow start, lots of pedestrians."
2021-08-19,,143116,Greenlake 3k,1099,3.90,4.70,159,,"69F, sunny, 3:57 to 65th"
2021-08-17,,,,1290,,,158,,"60F, cloudy, tangletown, good hills."
2021-08-16,,562270,no lights local loop,1072,3.61,4.96,159,,"63F, cloudy, breakfast in tummy?"
2021-08-14,,653902,45th to 65th loop,1019,3.08,5.51,160,,"65F, 7:30AM, jogging, low air quality (smoke AQI 70-100)"
2021-08-12,,234220,Upper Reservoir Park,1304,4.62,4.71,158,,"73F, hazy, lo mo"
2021-08-10,,562270,no lights local loop,1057,3.61,4.89,158,,"75F, sunny"
2021-08-09,,861961,LDS Loop,1040,3.60,4.82,,,"68F, cloudy, 10:00AM"
2021-08-07,,,,1502,,,160,,"72F, humid, cloudy, Ravine & BGT"
2021-08-06,,143114,Reservoir Basic,1008,3.40,4.94,160,,"64F, drizzle"
2021-08-02,,,,1300,,,160,,"Yachats, Or.  Barefoot on the beach!  Foggy.
"
2021-07-31,,,,1215,,,160,,"72F, cloudy. 11:45AM.  20th up to 75th."
2021-07-29,,143114,Reservoir Basic,977,3.40,4.79,159,,"81F, 11:30AM, sunny, 6:57 to sign"
2021-07-27,,143116,Greenlake 3k,1162,3.90,4.97,160,,"71F, sunny 9:30AM"
2021-07-26,,242812,Greenlake out-and-back 5k,1467,4.90,4.99,158,,"71F, Sunny, 9:15am, lo caf, no breakfast"
2021-07-24,,653902,45th to 65th loop,874,3.08,4.73,158,,"79F, sunny, gorgous. fast start"
2021-07-22,,861961,LDS Loop,1073,3.60,4.97,158,,"60F, sunny, felt sluggish on start.
"
2021-07-20,,143116,Greenlake 3k,1124,3.90,4.80,158,,"68F, cloudy, 10:30AM,  3:54 to 65th."
2021-07-19,,143114,Reservoir Basic,980,3.40,4.80,158,,"78F, sunny, 11:00AM Consolidation"
2021-07-17,,861961,LDS Loop,1016,3.60,4.70,159,,"69F, 10:00AM, ptly sunny"
2021-07-15,,143114,Reservoir Basic,957,3.40,4.69,158,,"59F, cloudy, 10:00AM, 6:47 to sign. "
2021-07-12,,562270,no lights local loop,1067,3.61,4.93,160,,"71F, 10:00AM, sunny. slow start?"
2021-07-10,,143117,Greenlake 5k,1500,5.01,4.99,158,,"70F, sunny, "
2021-07-08,,143114,Reservoir Basic,977,3.40,4.79,158,,"61F, 10:00AM, good energy."
2021-07-06,,861961,LDS Loop,1063,3.60,4.92,158,,"65F, ptly cldy, 10:30AM"
2021-07-05,,143114,Reservoir Basic,990,3.40,4.85,158,,"60F, cloudy, 9:00AM"
2021-07-03,,653902,45th to 65th loop,895,3.08,4.84,158,,"58F, 6:30, lo caf."
2021-06-30,,562270,no lights local loop,1122,3.61,5.19,157,,"65F, 7:00, lo caf. Consolidation"
2021-06-28,,861961,LDS Loop,1106,3.60,5.12,157,,"78F, 6:30AM, sunny, lo caf.  over 100 today.
"
2021-06-27,,143116,Greenlake 3k,1145,3.90,4.89,160,,"79F, 7:00AM, lo caf. over 100 today."
2021-06-25,,,,1234,,,,,"80F, 160, Sunny hot. GL to about 82nd, down Roos.  over 100 today."
2021-06-23,,143114,Reservoir Basic,1007,3.40,4.93,160,,"58F, 9AM Breakfast!, 7:16 to sign."
2021-06-21,,,,2400,,,160,,Actually uhill hike: Copper Creek Lake 
2021-06-18,,759536,Latona Loop corrected ,1071,3.56,5.01,158,,"68F, SE"
2021-06-16,,861961,LDS Loop,1062,3.60,4.92,159,,"67F, ptly sunny"
2021-06-14,,653902,45th to 65th loop,917,3.08,4.96,160,,"60F, Wet, first back-to-back
"
2021-06-13,,,,1217,,,160,,"65F, drizzle, Lake Wash Blvd.
"
2021-06-11,,143114,Reservoir Basic,1002,3.40,4.91,158,,"56F, drizzle, 6:59 to sign."
2021-06-09,,143117,Greenlake 5k,1503,5.01,5.00,158,,"65F, sunny"
2021-06-07,,143114,Reservoir Basic,,3.40,,159,,"55F, forgot watch. New Shoes."
2021-06-05,,143116,Greenlake 3k,1153,3.90,4.93,158,,"64F, ptly sunny, good start, 3:59 to 65th."
2021-06-03,,861961,LDS Loop,1088,3.60,5.04,159,,"79F, 3:00pm, foot better?"
2021-06-01,,143114,Reservoir Basic,1051,3.40,5.15,,,"75F (@10am!)  took easy, sore ball or R foot. "
2021-05-29,,242812,Greenlake out-and-back 5k,1480,4.90,5.03,158,,"65F, sunny, crowded(!)"
2021-05-27,,562270,no lights local loop,1086,3.61,5.02,158,,"60F, stormy"
2021-05-25,,143114,Reservoir Basic,1002,3.40,4.91,158,,"59, cloudy"
2021-05-22,,562270,no lights local loop,1082,3.61,5.00,159,,"59F, ptly sunny."
2021-05-20,,143114,Reservoir Basic,1005,3.40,4.92,159,,"50F, cloudy. 7:00 to sign."
2021-05-18,,861961,LDS Loop,1071,3.60,4.96,159,,"62F, ptly cldy , 4PM"
2021-05-15,,,,1200,4.00,5.00,159,,"70F, sunny, Gasworks Park! (estim time))

"
2021-05-13,,653902,45th to 65th loop,920,3.08,4.97,159,,"70F, Sunny, after lunch."
2021-05-11,,143116,Greenlake 3k,1145,3.90,4.89,160,,"69F, sunny, back after break for back to heal up."
2021-05-01,,,,1508,,,,,67F DelMar Beach Blvd down and back. 
2021-04-29,,,,1267,,,,,"Delmar Beach N direction. 
"
2021-04-27,,,,1830,,,,,"Torrey Pines State Reserve. Up to top 16 min, hike down, run home. (time off for sore back)"
2021-04-20,,861961,LDS Loop,1117,3.60,5.17,,,"72F, good effort."
2021-04-18,,,,1381,,,,,"60F, sunny, low caf?  (like GL5K route) lots of stops. "
2021-04-15,,861961,LDS Loop,1095,3.60,5.07,160,,"67F, sunny"
2021-04-13,,143114,Reservoir Basic,1020,3.40,5.00,160,,"53F, Sunny."
2021-04-10,,143116,Greenlake 3k,1140,3.90,4.87,158,,"47 PtlySunny, 3:55 to 65th."
2021-04-08,,143114,Reservoir Basic,998,3.40,4.89,158,,"56F, Sunny  7:03 to sign.
"
2021-04-06,,866647,Reverse Latona,1008,3.28,5.13,,,"52F Sunny
"
2021-04-04,,,,1387,,,158,,"45F, Ptly Cldy, Low Sleep, Low Mo. up to 80th via Greggs"
2021-04-02,,653902,45th to 65th loop,939,3.08,5.08,159,,"48F, cloudy, nerve tingle rear left leg.
"
2021-03-30,,861961,LDS Loop,1083,3.60,5.01,159,,"48F, sunny"
2021-03-27,,143114,Reservoir Basic,1017,3.40,4.98,159,,"46F, cloudy, consolidation, 7:01 to sign"
2021-03-22,,,,1407,,,159,,"49F, wet, thunder(!), around Greenlake (walked there w/Cyn).
"
2021-03-17,,866647,Reverse Latona,1034,3.28,5.26,159,,51F Reverse Latona. still some hamstring. 50th-Latona-65th-Roos.
2021-03-15,,143116,Greenlake 3k,1164,3.90,4.97,158,,"48F Sunny, consolodation- out of breath a 9:30????
"
2021-03-13,,143114,Reservoir Basic,1010,3.40,4.95,157,,50F Sunny
2021-03-11,,242812,Greenlake out-and-back 5k,1492,4.90,5.07,157,,"50F sunny, groggy"
2021-03-09,,143116,Greenlake 3k,1136,3.90,4.85,157,,"48F, Sunny, some slight neuroX in both legs."
2021-03-05,,861961,LDS Loop,1110,3.60,5.14,157,,"48F, cloudy
"
2021-03-03,,653902,45th to 65th loop,916,3.08,4.95,,,"45F, Sunny."
2021-02-28,,234220,Upper Reservoir Park,1453,4.62,5.24,158,,"48F, cloudy. Took it slow. no rest at top.
"
2021-02-26,,340040,Greenlake out & around,1961,6.21,5.26,160,,"45F, sunny, deliberately slow."
2021-02-23,,143114,Reservoir Basic,1041,3.40,5.10,160,,"41F, clear, 3:10 to 65th, 7:07 to sign but lost steam. 
"
2021-02-20,,,,989,,,160,,"45F, Sunny, Snow Break!, low Mo!  several stops (vaccine effect), 18th to campus to Brooklyn.

"
2021-02-11,,143114,Reservoir Basic,1057,3.40,5.18,160,,"35F, listened to seminar!  long underwear! consolidation.
"
2021-02-08,,,,1220,,,161,,"41F, ptlycldy.   Reverse Latona."
2021-02-05,,143114,Reservoir Basic,1014,3.40,4.97,160,,"48F, cloudy, low focus at start.
"
2021-02-03,,143116,Greenlake 3k,1120,3.90,4.79,160,,"45F, ptly cldy, hamstring almost perfect.  10:30AM
"
2021-02-01,,653902,45th to 65th loop,912,3.08,4.93,160,,"47F, wet. Mask hassles."
2021-01-30,,,,1220,,,160,,"48F, cldy, 55th / 18th / 45th/ 9th/Ravenna.
"
2021-01-28,,143114,Reservoir Basic,1009,3.40,4.94,160,,"45F, high clouds.  OK. 7:00 to sign. "
2021-01-25,,562270,no lights local loop,1083,3.61,5.01,160,,"45F, Sunny, before lunch."
2021-01-22,,,,1120,,,160,,"45F, Sunny, 50th/Latona/65th/12th"
2021-01-20,,143114,Reservoir Basic,999,3.40,4.89,160,,"45F, sunny, 3:08 to 65th, 7:01 to sign. "
2021-01-18,,653902,45th to 65th loop,905,3.08,4.89,160,,"45F, Sunny, hamstring improving."
2021-01-16,,143116,Greenlake 3k,1123,3.90,4.80,159,,"48F, Dry"
2021-01-14,,653902,45th to 65th loop,918,3.08,4.96,160,,"45F, sunny, improving hamstring."
2021-01-12,,143114,Reservoir Basic,1012,3.40,4.96,160,,"54F, dry, hamstring better, but legs sore from skiing Sunday"
2021-01-08,,143114,Reservoir Basic,1016,3.40,4.98,162.5,,"44F, very wet. 3:07 to 65th, 7:05 to sign."
2021-01-06,,143114,Reservoir Basic,1017,3.40,4.98,160,,"44F. Wet, cloudy, 3:08 to 65th, 7:00 to sign."
2021-01-01,,143116,Greenlake 3k,1137,3.90,4.86,164,,"48F, wet, mud, hamstring better. lo-mo."
2020-12-26,,,,920,,,159,,"47F, blustery, cloudy.
"
2020-12-20,,143114,Reservoir Basic,970,3.40,4.75,160,,"51F, cloudy.  3:05 to 65th. 6:54 to sign.  extra rest at sign. "
2020-12-11,,653902,45th to 65th loop,916,3.08,4.95,160,,"45F, cloudy. slight hamstring.
"
2020-12-08,,143114,Reservoir Basic,1009,3.40,4.94,160,,"50F. Sustainable effort (SE), 3:11 to 65th, 7:02 to sign.
"
2020-12-05,,,,1279,,,157,,"48F Sunny, hamstring better."
2020-12-02,,143114,Reservoir Basic,990,3.40,4.85,158,,"46F, Sunny, 7:08 to sign. Rest at sign(!)"
2020-11-30,,,,1182,,,157,,"49F, sunny, greek row + 8th by fwy"
2020-11-27,,143114,Reservoir Basic,1021,3.40,5.00,157,,"48F, Sunny, hamstring still sore.   Felt tough uphill.
"
2020-11-24,,653902,45th to 65th loop,911,3.08,4.93,157,,"45F, felt good, bad foot placement hurt hamstring (due to garbage cans!)"
2020-11-21,,,,1220,,,157,,"50F, sunny, lo-mo. to 20th & 75th."
2020-11-19,,,,1230,,,,,"45F, cldy dry, N Greenlake ramble.
"
2020-11-16,,143114,Reservoir Basic,1027,3.40,5.03,157,,"46F, rainy, miserable. legs of lead! hamstring better?
"
2020-11-13,,,,1223,,,158,,"50F, clear, 50th to tangletown+Ravenna. Hamstring
"
2020-11-11,,143116,Greenlake 3k,1131,3.90,4.83,158,,"48F, cloudy, L Hamstring sore. 
"
2020-11-09,,759536,Latona Loop corrected ,1078,3.56,5.05,156,,"44F, cloudy, after 8 hrs NIH panel. consolidation. Hamstring."
2020-11-07,,143114,Reservoir Basic,1002,3.40,4.91,156,,"42F, cloudy. lo-mo, felt hard. 7:00 to sign."
2020-11-05,,653902,45th to 65th loop,911,3.08,4.93,,,"49F, cloudy drizzle"
2020-11-02,,143116,Greenlake 3k,1113,3.90,4.76,157,,"60F, 3:47 to 65th. L Hamstring a little better. "
2020-10-29,,,,1224,,,159,,"55F, sunny, 4PM, L Hamstring, MASK  20th NE route. "
2020-10-27,,143116,Greenlake 3k,1115,3.90,4.76,159,,"52F, 10:30AM, clear. L Hamstring."
2020-10-24,,,,991,,,159,,"48F, ptly sunny, very lo mo. mild soreness L hamstring."
2020-10-21,,143114,Reservoir Basic,1038,3.40,5.09,159,,"47F, rain at end.  Sore L. Hamstring.  3:06 to 65th"
2020-10-19,,653902,45th to 65th loop,888,3.08,4.80,160,,"52F,2:40PM, cloudy."
2020-10-15,,143114,Reservoir Basic,972,3.40,4.76,160,,"60F, ptly cldy.  6:52 to sign"
2020-10-13,,,,1396,,,158,,"56F, cloudy, laps btwn Roosevelt & 8th NE"
2020-10-09,,,,1299,,,158,,"60F, cloudy, up to 80th "
2020-10-07,,,,1296,,,160,,57F. Run to Red Sq & Back for flu shot.
2020-10-04,,562270,no lights local loop,1091,3.61,5.04,159,,"56F, misty,fog. 7:15 to turn."
2020-09-30,,759536,Latona Loop corrected ,1049,3.56,4.91,,,"58F, 61AQI"
2020-09-24,,143116,Greenlake 3k,1103,3.90,4.71,159,,"65F, partly cloudy.  3:42 to 65th, good start."
2020-09-21,,143114,Reservoir Basic,973,3.40,4.77,159,,2-WEEK GAP due to smoke. hardly needed C-19 mask.
2020-09-04,,,,1310,,,,,"72F, sunny, 9:30AM, like GL 5k"
2020-09-02,,821295,20th to 75th Reservior Loop,1142,3.95,4.82,156,,"76F, Sunny, MASK 3:30PM"
2020-08-31,,,,1380,,,155,,"66F, sunny, b4 lunch, like GL 5k"
2020-08-29,,,,1689,,,156,,"66F, cloudy, MASK campus/BGT/Ravine"
2020-08-24,,,,1235,,,157,,"68F, Sunny, MASK 0.5 (sim to greenlake)"
2020-08-22,,143114,Reservoir Basic,1015,3.40,4.97,157,,"65F, Sunny, MASK for C19"
2020-08-20,,143116,Greenlake 3k,1108,3.90,4.73,159,,"65F, Sunny. break from RV trip"
2020-08-09,,759536,Latona Loop corrected ,1028,3.56,4.81,156,,"70F, sunny, 11:30AM, good mo"
2020-08-07,,821295,20th to 75th Reservior Loop,1210,3.95,5.10,156,,"67F, sunny. 10AM"
2020-08-04,,143114,Reservoir Basic,987,3.40,4.84,156,,"66F, cloudy, lo-mo, 6:55to sign, burned out at top."
2020-08-02,,,,1407,,,155,,"69F, very lo mo, sunny, consolidation"
2020-07-31,,143114,Reservoir Basic,967,3.40,4.74,155,,"73F, Sunny, 10AM, 6:54 to sign."
2020-07-29,,242812,Greenlake out-and-back 5k,1425,4.90,4.85,156,,"69F, Sunny, 9:00AM, good caff"
2020-07-26,,143114,Reservoir Basic,970,3.40,4.75,155,,"69F, Sunny, beautiful cutout shadows!"
2020-07-24,,143118,Reservoir 5k,1464,4.98,4.90,156,,"68F, cloudy, 10:30AM"
2020-07-22,,562270,no lights local loop,1041,3.61,4.81,156,,"68F,cloudy, 6:45 to turn"
2020-07-20,,143114,Reservoir Basic,962,3.40,4.71,,,"77F, sunny, 10:30AM"
2020-07-18,,242812,Greenlake out-and-back 5k,1435,4.90,4.88,,,"68F, sunny, 9AM."
2020-07-15,,143116,Greenlake 3k,1137,3.90,4.86,,,"75F, sunny, lo-mo"
2020-07-13,,821295,20th to 75th Reservior Loop,1178,3.95,4.97,156,,"70F, sunny"
2020-07-11,,143116,Greenlake 3k,1097,3.90,4.69,156,,"66F, ptly cloudy. 75 pushups"
2020-07-08,,821295,20th to 75th Reservior Loop,1182,3.95,4.99,156,,"68F, sunny, big lunch, new route
"
2020-07-06,,653902,45th to 65th loop,905,3.08,4.89,154,,"68F, Sunny, "
2020-07-03,,759536,Latona Loop corrected ,1029,3.56,4.82,153,,"65, sunny, (SE)"
2020-07-01,,143114,Reservoir Basic,974,3.40,4.77,154,,"66F, cloudy, lo-mo, took it easy, consolidation"
2020-06-28,,143114,Reservoir Basic,961,3.40,4.71,157,,"56F, cloudy. before lunch"
2020-06-25,,143116,Greenlake 3k,1123,3.90,4.80,157,,"74F, very lo-mo, sunny"
2020-06-21,,143114,Reservoir Basic,961,3.40,4.71,155,,"66F, cloudy, Father's Day (before lunch)"
2020-06-19,,143116,Greenlake 3k,1100,3.90,4.70,156,,"70F, sunny, lo-mo, good caff. +60pushups (4x15)"
2020-06-17,,,,,,,,,"60 pushups (20,20,10,10)"
2020-06-16,,562270,no lights local loop,1047,3.61,4.84,156,,"61F, cloudy, before lunch"
2020-06-14,,143114,Reservoir Basic,969,3.40,4.75,156,,"55F, sunny, 9:00AM"
2020-06-11,,143114,Reservoir Basic,985,3.40,4.83,156,,"58F, cloudy, 3:01 to 65th"
2020-06-08,,759536,Latona Loop corrected ,1037,3.56,4.86,155,,"56F, lo sleep, lo mo. +60pushups (tough!)"
2020-06-03,,759536,Latona Loop corrected ,1047,3.56,4.90,,,60F sunny
2020-06-01,,242812,Greenlake out-and-back 5k,1435,4.90,4.88,,,"60F, sunny, before lunch"
2020-05-30,,653902,45th to 65th loop,885,3.08,4.79,157,,"53F, light rain."
2020-05-27,,143114,Reservoir Basic,979,3.40,4.80,,,"71F, sunny afternoon."
2020-05-22,,143116,Greenlake 3k,1101,3.90,4.70,,,"63F, cloudy, consolidation, after nap. +60 pushups"
2020-05-20,,562270,no lights local loop,1038,3.61,4.80,,,"60F, cloudy, lo-mo, quick start, lunch!"
2020-05-17,,143114,Reservoir Basic,976,3.40,4.78,,,"65F, cloudy, after lunch
"
2020-05-15,,143116,Greenlake 3k,1104,3.90,4.72,156,,"65F, sunny"
2020-05-13,,,,1000,,,,,"67F, warm.  Around the neighborhood. lo-sleep"
2020-05-11,,143116,Greenlake 3k,1090,3.90,4.66,155,,"77F, warm. +60pushups night before"
2020-05-08,,143114,Reservoir Basic,942,3.40,4.62,,,"71F, sunny!  just before lunch
"
2020-05-06,,143116,Greenlake 3k,1103,3.90,4.71,,,"50F, lo-mo  +60pushups
"
2020-05-03,,759536,Latona Loop corrected ,1042,3.56,4.88,,,"51F, clear, lo-mo at first.
"
2020-04-30,,562270,no lights local loop,1104,3.61,5.10,,,"55F, lo-caf, felt wierd, slept in + 60pushups"
2020-04-27,,,,1309,4.50,4.85,155,,"62F, ran to UWECE office and back (2hr gap)"
2020-04-25,,653902,45th to 65th loop,898,3.08,4.86,,,"52F, rainy, lo-mo"
2020-04-19,,143114,Reservoir Basic,1006,3.40,4.93,,,"62F, Sunny, slow start, full gut?
"
2020-04-17,,340040,Greenlake out & around,1803,6.21,4.84,155,,"65F, cloudy, took it easy, extra stops. +60pushups "
2020-04-14,,143114,Reservoir Basic,,3.40,,157,,"57F, Timing glitch (lap mode). "
2020-04-12,,143116,Greenlake 3k,1129,3.90,4.82,,,"48F, sunny, Easter, a runner fell in front of me."
2020-04-10,,143114,Reservoir Basic,973,3.40,4.77,,,"65F !  sunny.  ""Just do another"". +60push-ups and 2 planks
"
2020-04-08,,143114,Reservoir Basic,961,3.40,4.71,157,,"57F, sunny."
2020-04-05,,653902,45th to 65th loop,875,3.08,4.73,156,,"52F, lo-mo, 1:30pm   60pushups + 2 65second planks"
2020-04-03,,143114,Reservoir Basic,1000,3.40,4.90,158,,"44F, sunny, consolidation run."
2020-04-01,,143114,Reservoir Basic,966,3.40,4.73,155,,"45F, 6:42 to sign, clear, 11:30AM. +60pushups"
2020-03-30,,143114,Reservoir Basic,963,3.40,4.72,,,"48F, sunny, 11:30AM, +60pushups & 2 65sec planks.   6:42 to sign"
2020-03-29,biking on BGT,,,,,,,,
2020-03-27,,143114,Reservoir Basic,976,3.40,4.78,156,,"43F, cloudy, 60 pushups + 2 65sec planks"
2020-03-24,,562270,no lights local loop,1065,3.61,4.92,157,,"50F, sunny, 3:10pm, + 48pushups & 3 planks"
2020-03-22,,143114,Reservoir Basic,971,3.40,4.76,,,"50F, clear, lo-mo"
2020-03-20,,143116,Greenlake 3k,1122,3.90,4.79,,,"51F, sunny, blah (COVID! nobody out)
"
2020-03-17,,234220,Upper Reservoir Park,1287,4.62,4.65,158,,50F. partly cldy. 
2020-03-16,Walk to & around Greenlake,,,,,,155,,"Beautiful crisp, sunny"
2020-03-15,Cross Country,,,135,,,155,,"Crystal Springs, beautiful!"
2020-03-13,,653902,45th to 65th loop,882,3.08,4.77,158,,"39F, wind &rain, lo-mo, yuk + 48pushups + 2 65sec planks."
2020-03-11,,143114,Reservoir Basic,980,3.40,4.80,,,"48F, belly full from lunch! ugh."
2020-03-08,Cross Country,,,10800,,,,,
2020-03-07,,143114,Reservoir Basic,967,3.40,4.74,157,,"43F, good caf. too hot before 65th? +36pushups +2 65sec planks"
2020-03-05,,143116,Greenlake 3k,1085,3.90,4.64,,,"55F, 3:00 PM"
2020-03-03,,562270,no lights local loop,1050,3.61,4.85,157,,"50F, 4:00PM, cloudy +36 pushups/ 2 60sec planks"
2020-03-01,Cross Country,,,9000,,,157,,"Hyak, nice snow, ptly cldy 32F"
2020-02-29,,242812,Greenlake out-and-back 5k,1435,4.90,4.88,,,"50F, 3:00pm  lo-caff?"
2020-02-27,,,,300,,,156,,quick run to weights@YMCA
2020-02-26,,143114,Reservoir Basic,973,3.40,4.77,,,"51F, 4:15pm"
2020-02-24,,,,1320,,,157,,15+7treadmill + weights@YMCA
2020-02-21,,759536,Latona Loop corrected ,1051,3.56,4.92,157,,"55F, consolidation + weights@YMCA"
2020-02-19,,,,1330,,,157,,22_10treadmill +weights@YMCA
2020-02-16,Cross Country,,,10800,,,,,Crystal Springs
2020-02-15,,759536,Latona Loop corrected ,1061,3.56,4.97,157,,+weights@YMCA
2020-02-12,,,,1636,,,156,,17+10treadmill +weights@YMCA
2020-02-10,,,,1210,,,,,
2020-02-08,,,,1326,,,157,,10+12treadmill + weights@YMCA
2020-02-02,,,,1496,,,,,"12.5+12.5,  Mission Bay, San Diego"
2020-01-30,,,,1257,,,156,,8.5+12.5@3% + weights@YMCA
2020-01-27,,,,1257,,,,,"8.5+12.5@3% + weights@YMCA
"
2020-01-25,,,,1382,,,157,,8.5+13.5treadmill + weights@YMCA
2020-01-22,,,,1200,,,,,8+12treadmill +weights@YMCA
2020-01-20,,,,1275,,,,,9+12treadmill +weights@YMCA
2020-01-19,Cross Country,,,7200,,,156,,Lake Easton St. Pk. Good snow.
2020-01-17,,,,1339,,,155,,8.5+14 treadmill +weights@YMCA
2020-01-15,,,,1302,,,158,,8+13treadmill+weights@YMCA
2020-01-12,,,,1224,,,,,"8+12treadmill + weights@YMCA
"
2020-01-10,,,,1218,,,,,7+13treadmill + weights@YMCA
2020-01-08,,759536,Latona Loop corrected ,1046,3.56,4.90,157,,"40F, dry, 4:30PM, + weights@YMCA"
2020-01-05,Cross Country Skiing,,,7200,,,,,"Hyak, new skiis, great snow"
2020-01-03,,,,1260,,,157,,10+11 treadmill+weights@YMCA (BV)
2019-12-30,,653902,45th to 65th loop,878,3.08,4.75,159,,"4:00PM, 47F, cloudy, +weights@YMCA"
2019-12-28,,143116,Greenlake 3k,1083,3.90,4.63,159,,"Back from Mexico! 2:00PM, Hot start - 3:39 to 65th. 47F, cloudy, dry + weights@YMCA"
2019-12-17,,143114,Reservoir Basic,970,3.40,4.75,,,"3:30pm 47F, +weights@YMCA, grrr. 6:46 to sign (too fast?)"
2019-12-15,,,,1260,,,,,10+10treadmill + weights@YMCA
2019-12-13,,143114,Reservoir Basic,969,3.40,4.75,157,,"46F, ptly cldy, +weights@YMCA"
2019-12-10,,,,1260,,,,,10+11treadmill + weights@YMCA
2019-12-08,,759536,Latona Loop corrected ,1040,3.56,4.87,158,,"49F, dry, 3:30PM + weights@YMCA"
2019-12-07,,,,1219,,,156,,10+10 treadmill + weights@YMCA
2019-12-03,,,,1140,,,158,,10+9 min treadmill + weights@YMCA
2019-12-01,,,,1200,,,,,10+10 min treadmill + weights@YMCA (w/ Alec)
2019-11-29,,143114,Reservoir Basic,995,3.40,4.88,160,,"39F, sunny, turkey in tummy?, + weights@YMCA w/Alec"
2019-11-27,,759536,Latona Loop corrected ,1029,3.56,4.82,,,"45F, sunny, + weights@YMCA"
2019-11-25,,,,720,,,157,,12min Treadmill + light weights@YMCA
2019-11-23,,143116,Greenlake 3k,1086,3.90,4.64,157,,"44F, cloudy + weights@YMCA"
2019-11-21,,759536,Latona Loop corrected ,1014,3.56,4.75,157,,"45F, sunny"
2019-11-18,,,,1260,,,,,10+10 min treadmill + weights@YMCA
2019-11-16,,143114,Reservoir Basic,956,3.40,4.68,159,,"50F, cloudy, 6:50 to sign, 10:30AM + weights@YMCA"
2019-11-13,,143114,Reservoir Basic,987,3.40,4.84,159,,"50F, Sunny, 4:30PM, (listening to NPR!)+weights@YMCA"
2019-11-11,,562270,no lights local loop,1052,3.61,4.86,,,"48F, 7:02 to turn, good caff.  +weights@YMCA"
2019-11-08,,653902,45th to 65th loop,843,3.08,4.56,,,"55F, clear, +weights@YMCA"
2019-11-02,,759536,Latona Loop corrected ,1019,3.56,4.77,,,"38F, Sunny, crisp. +weights@YMCA"
2019-10-30,,,,1200,,,,,Alanta. Treadmill 2x10m + weights
2019-10-28,,,,1087,,,,,"Atlanta, 75F, nice out.n+weights@hotelgym"
2019-10-25,,143116,Greenlake 3k,1075,3.90,4.59,159,,"51F, sunny, +weights@YMCA"
2019-10-21,,143114,Reservoir Basic,941,3.40,4.61,158,,"54F, 4:30PM, light rain. +weights@YMCA"
2019-10-19,,759536,Latona Loop corrected ,1039,3.56,4.86,158,,"44F, (w/ wrong turn) 8:30am, wet, +weights@YMCA
"
2019-10-15,,653902,45th to 65th loop,849,3.08,4.59,159,,"65F, 2 lights, +weights@YMCA"
2019-10-13,,566398,Dawg Dash Oct16,1495,5.21,4.78,159,,"50F, cloudy, felt good. didn't win :("
2019-10-11,,143116,Greenlake 3k,1115,3.90,4.76,159,,"65F, sunny, 4:20PM, consolidation for Dash"
2019-10-08,,759536,Latona Loop corrected ,1029,3.56,4.82,159,,"48F, cloudy, +weights@YMCA
"
2019-10-05,,143117,Greenlake 5k,1400,5.01,4.66,159,,"PR, 55F, cloudy, (SE) + weights@YMCA"
2019-09-30,,759536,Latona Loop corrected ,1033,3.56,4.84,,,"56F, sunny, 4:45PM, grrr."
2019-09-28,,143114,Reservoir Basic,959,3.40,4.70,159,,"9AM, low caf. 45F, damp. + weights@YMCA"
2019-09-26,,562270,no lights local loop,1046,3.61,4.84,,,"9AM, + weights@YMCA, GIX!!
"
2019-09-22,,759536,Latona Loop corrected ,1029,3.56,4.82,,,"9:10, 60F, cloudy, + weights@YMCA"
2019-09-19,,562270,no lights local loop,1027,3.61,4.75,160,,"9:10AM, 65F, cloudy, (SE), good caf. +weights@YMCA"
2019-09-16,,143116,Greenlake 3k,1104,3.90,4.72,161,,"4:30pm, 65f, +weights@YMCA"
2019-09-14,,,,1123,,,161,,home->Suzallo->Comotion->home
2019-09-12,,562270,no lights local loop,1037,3.61,4.79,158,,"3:45PM, 75F, + weights@YMCA"
2019-09-08,,653902,45th to 65th loop,878,3.08,4.75,160,,"60F, 1:00PM, + weights @ YMCA
"
2019-09-06,,759536,Latona Loop corrected ,1044,3.56,4.89,,,"80F, 4:00PM + weights @ YMCA"
2019-09-04,,,,1674,,,159,,to UWECE and back. + weights @ YMCA
2019-09-01,,143116,Greenlake 3k,1142,3.90,4.88,,,"Back from injry.  70F, 8AM.  Took it eeeeasy."
2019-08-24,,759536,Latona Loop corrected ,,3.56,,156,,Fell/fall. mind was wandering after the big hill climb. abrasion/contusions.
2019-08-21,,143114,Reservoir Basic,948,3.40,4.64,155,,"70F, damp, (SE) but lost focus a bit. + weights @YMCA"
2019-08-17,,143116,Greenlake 3k,1090,3.90,4.66,,,Good caf. (SE) back after break. + weights @ Y
2019-08-10,,,,1163,,,,,Brule: Hwy 27 Loop
2019-08-08,,,,1138,,,,,Brule: club-Hw27 loop
2019-08-06,,,,1150,,,,,"Brule: club-Hw27 loop
"
2019-08-02,,143114,Reservoir Basic,942,3.40,4.62,156,,"8:20AM, 66F, 6:42 to sign, 8:27 to top. good caf. sunny."
2019-07-29,,143114,Reservoir Basic,950,3.40,4.65,156,,"5:15PM, 82F, drowsy start.  "
2019-07-27,,759536,Latona Loop corrected ,1022,3.56,4.79,156,,"1:00pm, 65, cloudy + weights @ YMCA
"
2019-07-25,,759536,Latona Loop corrected ,1044,3.56,4.89,156,,"5:30, 82F, sunny, + Weights @ YMCA"
2019-07-23,,653902,45th to 65th loop,869,3.08,4.70,157,,"5:00pm blah, no-mo, full of BBQ!  + weights @ YMCA"
2019-07-21,,562270,no lights local loop,1055,3.61,4.88,156,,"8:30AM, 70F, (SE) still slight head-cold.  + weights @ YMCA"
2019-07-18,,143114,Reservoir Basic,981,3.40,4.81,155,,"5PM, 66F, (SE) + weights @ Y"
2019-07-13,,143116,Greenlake 3k,1057,3.90,4.52,155,,"8AM, 65F, cloudy, (SE)"
2019-07-06,,,,1110,,,156,,"Treadmill @ Holiday Inn, Chennai + 10kg free weight. Muggy inside"
2019-07-01,,,,1080,,,156,,"Treadmill @ Holiday Inn Chennai, + weights(!)"
2019-06-29,,562270,no lights local loop,1044,3.61,4.83,159,,"62F, sunny, 7:30AM, (SE) strong start. + weights @YMCA (pre-Chennai Trip)
"
2019-06-26,,759536,Latona Loop corrected ,1076,3.56,5.04,159,,"64F, 4:00pm, low caff, low effort + weights @ YMCA"
2019-06-24,,,,1073,,,,,"65F, 1:30PM, route up latona, + weights @YMCA"
2019-06-21,,,,1222,,,,,Run at Popis / La Costa Glen / 60F
2019-06-17,,143116,Greenlake 3k,1098,3.90,4.69,157,,"76F, consolidation/(SE), sunny, 4:00PM"
2019-06-15,,143114,Reservoir Basic,944,3.40,4.63,158,,"8L00AM, 56F, (SE) cloudy, 6:46 to sign."
2019-06-13,,143116,Greenlake 3k,1093,3.90,4.67,158,,"80F, consolidation, New shoes, New Phone belt - Music! + Weights @ YMCA"
2019-06-09,,562270,no lights local loop,1046,3.61,4.84,159,,"58F, (SE), 7:02 to turn.  8:00AM + weights @ YMCA"
2019-06-07,,653902,45th to 65th loop,872,3.08,4.72,160,,"4:00, 57F, cldy
"
2019-06-04,,242812,Greenlake out-and-back 5k,1374,4.90,4.67,160,,"PR! 4:00PM, 72F, Sunny + Weight "
2019-06-02,,,,1451,,,,,"Walla Wall bike trail & Whitman.   80F, 7:30AM."
2019-05-28,,143116,Greenlake 3k,1089,3.90,4.65,,,65 (SE) + weights @ YMCA
2019-05-26,,143114,Reservoir Basic,943,3.40,4.62,158,,"53F, 9:00AM, cloudy (SE) + weights @ YMCA"
2019-05-24,,143114,Reservoir Basic,949,3.40,4.65,159,,"58F, 5:00PM, (SE)"
2019-05-21,,143114,Reservoir Basic,965,3.40,4.73,158,,"52F, cloudy 5:00pm"
2019-05-19,,653902,45th to 65th loop,891,3.08,4.82,157,,"Basic. + weights @ YMCA, 58F, 7:30AM"
2019-05-16,,,,1200,4.20,4.76,157,,"rain.  2x10min treadmill + weights @ YMCA (approx distance)
"
2019-05-14,,562270,no lights local loop,1042,3.61,4.82,,,"65F, (SE) plus weights @ YMCA"
2019-05-11,,242812,Greenlake out-and-back 5k,1382,4.90,4.70,,,"
68F, sunny, 7:30AM"
2019-05-07,,143114,Reservoir Basic,951,3.40,4.66,161,,"73F, (SE) 4:20PM"
2019-05-05,,,,1040,,,,,"La Cost Glen, Encinitas. "
2019-05-02,,143116,Greenlake 3k,1076,3.90,4.60,159,,"60F, 4:30PM, 3:42 to 65th"
2019-04-29,,562270,no lights local loop,1025,3.61,4.74,160,,"64F, 4:30PM, (SE)"
2019-04-27,,143116,Greenlake 3k,1083,3.90,4.63,161,,"1:30pm, 48F, (SE)"
2019-04-25,,143114,Reservoir Basic,967,3.40,4.74,161,,4:15pm.   59F.  (SE)  7:00 to sign.
2019-04-23,,143114,Reservoir Basic,987,3.40,4.84,162,,"4:30PM, 56F, tried hard, 7:10 to sign."
2019-04-21,,,,1516,5.40,4.68,,,Loop in Palo Alto
2019-04-18,,653902,45th to 65th loop,862,3.08,4.66,160,,"4:30PM, 65F, cloudy + Weights @ YMCA"
2019-04-15,,562270,no lights local loop,1023,3.61,4.73,159,,"4:45pm 55F,  6:48 to turn"
2019-04-11,,,,1320,,,159,,Treadmill 12+10 and Weights @YMCA
2019-04-09,,143116,Greenlake 3k,1082,3.90,4.62,161,,"56F, (SE) 4:20PM + weights @ Y"
2019-04-07,,653902,45th to 65th loop,869,3.08,4.70,160,,"51F. 12:00PM, cloudy. good V.O2"
2019-04-05,,143116,Greenlake 3k,1121,3.90,4.79,,,"50F, 4:45PM, stormy recent rain + weights @ Y"
2019-04-02,,143114,Reservoir Basic,960,3.40,4.70,,,"46F, ptlycldy, ""Sustained Effort"" (SE) strategy"
2019-03-30,,143114,Reservoir Basic,967,3.40,4.74,159,,"50F, sunny, felt tough"
2019-03-26,,242812,Greenlake out-and-back 5k,1429,4.90,4.86,,,"4:40PM, 60F, modest effort"
2019-03-24,,562270,no lights local loop,1069,3.61,4.94,,,"50F, 6:59 to turn + weights @ Y"
2019-03-22,,,,1320,,,,,Treadmill 2x11min + weights at Y
2019-03-20,,653902,45th to 65th loop,870,3.08,4.70,,,"5:15pm, 75F(!), sunny"
2019-03-18,,143116,Greenlake 3k,1100,3.90,4.70,,,"4:30PM, 71F(!), sunny "
2019-03-16,,143118,Reservoir 5k,1452,4.98,4.86,161,,"Tough start, (low caff?). 40F cloudy."
2019-03-12,,,,1242,,,,,"YMCA, treadmill 10minx2 + weights."
2019-03-09,,242812,Greenlake out-and-back 5k,1426,4.90,4.85,158,,"33F, sunny"
2019-03-06,,,,1320,,,,,"YMCA; 2x10 on treadmill + weights
"
2019-03-02,,143114,Reservoir Basic,978,3.40,4.79,158,,"34F, sunny, good effort, 3:52 to sign, but burned out after sign. "
2019-02-26,,143116,Greenlake 3k,1112,3.90,4.75,158,,"4:30pm, 42F, good effort"
2019-02-23,,143114,Reservoir Basic,979,3.40,4.80,,,"42F, Felt pretty good.  + weights at Y"
2019-02-17,,,,1128,,,,,Ramona CA!
2019-02-15,,,,1208,,,,,"Encinitas / PCH
"
2019-02-02,,143114,Reservoir Basic,1000,3.40,4.90,158,,"47F, cloudy, low caf? slow start."
2019-01-31,,653902,45th to 65th loop,881,3.08,4.76,158,,50F. ptly cldy
2019-01-28,,143114,Reservoir Basic,964,3.40,4.72,159,,"50F, sunny, 4:15pm, then upper body workout at Y"
2019-01-26,,143116,Greenlake 3k,1093,3.90,4.67,,,"40F, sunny, legs sore & stiff due to weights at Y."
2019-01-24,,,,360,,,,,6 min to YMCA - leg work with Cyle.
2019-01-22,,,,1028,,,159,,8 + 9 Min on YMCA treadmill + weights. 
2019-01-19,,562270,no lights local loop,1049,3.61,4.85,157,,"44F, lo caf, lo mo, did OK."
2019-01-16,,143116,Greenlake 3k,1088,3.90,4.65,,,"48F. 4:20pm, started lo mo. good effort. 3:47 to 65th,\."
2019-01-14,,,,,,,,,"Workout at YMCA w/Cyle + treadmill
"
2019-01-12,,143114,Reservoir Basic,968,3.40,4.74,,,"40F, sunny"
2019-01-12,,,,,,,,,Brieft weights at Y.
2019-01-10,,,,1080,,,,,Treadmill at YMCA
2019-01-06,,,,1232,,,158,,"20th to 75th, 9:00AM, 42F, cloudy"
2019-01-04,,,,,,,,,Weights at the Y w/ Cyle
2018-12-31,,653902,45th to 65th loop,919,3.08,4.97,160,,"37F, 4:15pm, clear, small leg stiffness
"
2018-12-29,,143114,Reservoir Basic,1023,3.40,5.01,,,"50F, sore legs from skiing!"
2018-12-25,,,,1507,,,155,,"43F, intervals. meeting up with Cyn and Sophia / Greenlake"
2018-12-22,,143116,Greenlake 3k,1087,3.90,4.64,,,"42F, lo mo."
2018-12-20,,653902,45th to 65th loop,887,3.08,4.80,159,,"41F, light rain. back after a while. "
2018-12-15,,,,1008,,,,,"60F, California, Dana Point Park to beach."
2018-12-13,,143114,Reservoir Basic,983,3.40,4.82,,,45F. Consolidation good effort.
2018-12-10,,143114,Reservoir Basic,984,3.40,4.82,160,,"48F, sluggish. cloudy. briefly stopped to catch breath before sign!  6:55 to sign."
2018-12-04,,143116,Greenlake 3k,1090,3.90,4.66,,,"39F, sunny, 4:00pm"
2018-12-01,,234220,Upper Reservoir Park,1267,4.62,4.57,159,,"44F, cloudy, lots of stops. 
 2:00PM  PR!
"
2018-11-29,,,,1237,,,,,"51F, >70th>PCC>GL>65th>home - after a Beer!"
2018-11-27,,143114,Reservoir Basic,949,3.40,4.65,158,,"56F, wet, 4:00PM, felt strong, 6:39 to sign
"
2018-11-24,,143116,Greenlake 3k,1099,3.90,4.70,158,,"43F. 9:00AM, sunny, lo-mo, lo-caf. full of turkey!"
2018-11-21,,,,623,,,160,,46F. Ran in to work at EE bldg.
2018-11-21,,,,680,,,,,"55F, from work to CPG.  11:30am, light rain"
2018-11-18,,143114,Reservoir Basic,952,3.40,4.66,157,,"50F, sunny, noon.  Felt really tough.  6:45 to sign."
2018-11-16,,562270,no lights local loop,1042,3.61,4.82,,,"55F, 6:50 to turn. cloudy"
2018-11-12,,,,1462,,,,,56F. 4:30pm dry (dark by 5!). Upper reservoir and more.
2018-11-10,,,,1309,,,157,,"42F, 9:00am, 16th/45th/17th/20th/65th/12th"
2018-11-08,,,,1332,,,156,,"45F, 5:00pm.  Up to 70th and across I5, back up on 75th."
2018-11-05,,,,1187,,,,,"54F, ptly cldy, 50th st bridge protest etc."
2018-11-03,,143114,Reservoir Basic,990,3.40,4.85,,,"64F, cloudy, took it easy. 7:16 to sign"
2018-11-01,,143114,Reservoir Basic,965,3.40,4.73,157,,"62F, 5:00PM cloudy. 6:43 to sign. work stress."
2018-10-29,,143116,Greenlake 3k,1067,3.90,4.56,158,,"56, cloudy, 4:20pm"
2018-10-27,,143114,Reservoir Basic,978,3.40,4.79,,,"43F, foggy, still headcold"
2018-10-23,,653902,45th to 65th loop,863,3.08,4.67,159,,"55, cloudy, 4:00PM"
2018-10-21,,143116,Greenlake 3k,1123,3.90,4.80,159,,"Head cold!  47F, cloudy/foggy"
2018-10-14,,566398,Dawg Dash Oct16,1535,5.21,4.91,158,,"50F, Sunny, Started WAY too strong.  Died in 1st 5 min.  Better later. "
2018-10-11,,143114,Reservoir Basic,965,3.40,4.73,158,,"59, sunny, 4:30PM"
2018-10-08,,,,1882,,,,,No-lights extended.  Endurance training.  4:40pm rain
2018-10-06,,,,2209,,,,,Malibu Crk St. Pk. Endurance Training.  MASH site!  70F. Cloudy
2018-10-03,,562270,no lights local loop,1018,3.61,4.71,,,"53F, cloudy, 4:20pm, strong late effort."
2018-10-01,,143114,Reservoir Basic,950,3.40,4.65,,,60F. light rain. 4:00PM
2018-09-29,,143118,Reservoir 5k,1461,4.98,4.89,155,,"50F, ptly cldy, training mode."
2018-09-21,,562270,no lights local loop,1028,3.61,4.75,159,,"69F, cloudy. 4:30PM"
2018-09-18,,242812,Greenlake out-and-back 5k,1383,4.90,4.70,,,"62F, sunny, 4:30pm"
2018-09-16,,143118,Reservoir 5k,1536,4.98,5.14,,,"56F, drizzle, consolidation (https://www.nytimes.com/2018/09/14/sports/eliud-kipchoge-marathon.html)"
2018-09-14,,143114,Reservoir Basic,946,3.40,4.64,,,"65F. ptly cldy, 4:20pm"
2018-09-11,,562270,no lights local loop,1007,3.61,4.65,,,"72F, 4:00pm, low mo but good push. 6:44 to turn."
2018-09-09,,143114,Reservoir Basic,971,3.40,4.76,,,64F
2018-09-06,,242812,Greenlake out-and-back 5k,1399,4.90,4.76,,,"84F, hazy, took it easy?"
2018-09-03,,234220,Upper Reservoir Park,1298,4.62,4.69,,,"57F, Sunny"
2018-09-01,,562270,no lights local loop,1053,3.61,4.87,,,"59F, cloudy, consolidation"
2018-08-30,,143116,Greenlake 3k,1055,3.90,4.51,158,,"72F, ptly cldy, strong push."
2018-08-23,,143114,Reservoir Basic,936,3.40,4.59,,,75F. smoke clearing a bit.  4:30PM
2018-08-20,,143116,Greenlake 3k,1128,3.90,4.82,155,,56F. took it easy consolidation
2018-08-18,,562270,no lights local loop,1017,3.61,4.70,,,PR! 60F. Sunny. Consolidation ++
2018-08-16,,242812,Greenlake out-and-back 5k,1385,4.90,4.71,,,"59F, smokey"
2018-08-14,,653902,45th to 65th loop,877,3.08,4.74,159,,"58F, smokey, good effort."
2018-08-09,,143116,Greenlake 3k,1097,3.90,4.69,,,63F.OK push. sunrise
2018-08-07,,562270,no lights local loop,1028,3.61,4.75,155,,"58F, Sunny"
2018-08-04,,143116,Greenlake 3k,1074,3.90,4.59,,,"58F, cloudy"
2018-08-02,,,,,,,,,Bike to GIX (550 bus back)
2018-07-31,,143114,Reservoir Basic,969,3.40,4.75,,,"61F, cloudy"
2018-07-29,,,,981,3.37,4.85,,,Oberlin bike trail loop. 75F
2018-07-27,,,,1141,,,,,"Oberlin,70F
"
2018-07-24,,653902,45th to 65th loop,892,3.08,4.82,156,,"60F, gave back a rest for a few days."
2018-07-19,,143114,Reservoir Basic,984,3.40,4.82,156,,"58F, cloudy, tired from 1st GIX bike commute!"
2018-07-17,,653902,45th to 65th loop,958,3.08,5.18,155,,"65F, sunny. took it slow, back pain."
2018-07-14,,143116,Greenlake 3k,1112,3.90,4.75,154,,"61F, Consolidation, twitchy back."
2018-07-11,,143114,Reservoir Basic,934,3.40,4.58,157,,"PR!, 61F, Sunny, 6:50 to sign."
2018-07-09,,143114,Reservoir Basic,979,3.40,4.80,158,,"60F, sunny"
2018-07-07,,143116,Greenlake 3k,1077,3.90,4.60,161,,"70F, cloudy.Back from trip"
2018-07-05,,,,1184,,,,,Copenhagen
2018-07-03,,,,1244,,,,,"Siracusa, Ortiga"
2018-07-01,,,,1054,,,,,"Ragusa
"
2018-06-29,,,,1139,,,,,"Fiume Tevere
"
2018-06-28,,,,1205,,,,,"San Vito Lo Capo
"
2018-06-26,,,,965,,,,,"San Vito Lo Capo, Sicily"
2018-06-22,,,,1104,,,,,Fiume Tevere Banks (Rome)
2018-06-19,,358344,Rihely Pl / Encinitas,1015,3.41,4.96,,,
2018-06-17,,358344,Rihely Pl / Encinitas,972,3.41,4.75,,,
2018-06-14,,143114,Reservoir Basic,975,3.40,4.78,,,"52F, cloudy wet. low caf?"
2018-06-12,,562270,no lights local loop,1036,3.61,4.79,157,,"55F.  Sunny, 7:00 to turn."
2018-06-10,,242812,Greenlake out-and-back 5k,1387,4.90,4.72,,,"55F, sunny, consolidation"
2018-06-08,,143116,Greenlake 3k,1050,3.90,4.49,,,"PR!. 58F,cludy.  3:33 to 65th; 3 lights."
2018-06-06,,143114,Reservoir Basic,956,3.40,4.68,,,"60F, sunny"
2018-06-04,,653902,45th to 65th loop,880,3.08,4.76,,,"51F, cloudy, low mo."
2018-06-02,,562270,no lights local loop,1034,3.61,4.78,157,,"63F, sunny. Good effort. 7:01 to turn. "
2018-05-31,,143116,Greenlake 3k,1092,3.90,4.67,,,52F. cloudy. fast start 3:42 to 65th.
2018-05-29,,143114,Reservoir Basic,970,3.40,4.75,157,,"53F, cloudy. Fast start, 7:06 to sign. "
2018-05-27,,242812,Greenlake out-and-back 5k,1413,4.90,4.80,157,,jet lagged from Brisbane. 60F sunny.
2018-05-25,,,,1057,,,,,Brisbane River loop
2018-05-23,,,,1090,,,,,"Brisbane River loop
"
2018-05-18,,,,1999,,,,,Brisbane river/ w.Andy Lewis
2018-05-16,,,,1081,,,,,Brisbane riverfront.
2018-05-12,,143116,Greenlake 3k,1116,3.90,4.77,156,,"60F, sunny, consolidation"
2018-05-10,,143114,Reservoir Basic,964,3.40,4.72,155,,"53F cloudy, 7:02 to sign"
2018-05-08,,653902,45th to 65th loop,900,3.08,4.87,155,,"57F, sunny, partying, slight stiffness."
2018-05-06,,242812,Greenlake out-and-back 5k,1379,4.90,4.69,155,,"64F, partly sunny. strong start. 3 lights."
2018-05-04,,562270,no lights local loop,1048,3.61,4.84,,,"53F, low mo. low Caff?, big bkfst"
2018-05-02,,143114,Reservoir Basic,978,3.40,4.79,154,,"47F, sunny
"
2018-04-30,,143116,Greenlake 3k,1103,3.90,4.71,155,,"48F, cloudy.  low mo."
2018-04-28,,653902,45th to 65th loop,906,3.08,4.90,155,,"48F, rainy"
2018-04-26,,143114,Reservoir Basic,970,3.40,4.75,156,,"60F, sunny, good vd02"
2018-04-24,,143116,Greenlake 3k,1122,3.90,4.79,,,Back from final (Right eye) surg.  Nice weather.
2018-04-08,,143114,Reservoir Basic,1005,3.40,4.92,,,"46F, wet. felt strong"
2018-04-06,,653902,45th to 65th loop,879,3.08,4.75,155,,"51F, normal"
2018-04-04,,143116,Greenlake 3k,1123,3.90,4.80,155,,"41F, BACK after TWO WEEKS for left eye surg."
2018-03-19,,562270,no lights local loop,1069,3.61,4.94,154,,"40F, nice. so-so"
2018-03-17,,502559,StPatricksDayDash,1463,4.93,4.95,155,,"37F, cloudy, dry.  Too strong start?   Bladder at end!!"
2018-03-15,,143117,Greenlake 5k,1410,5.01,4.69,,,"32F, Sunny."
2018-03-12,,143117,Greenlake 5k,1420,5.01,4.72,,,"43F, sunny, very strong start. Too strong? 3:47 to 65th"
2018-03-10,,234220,Upper Reservoir Park,1313,4.62,4.74,,,"42F, sunny, low caf? big bkfst"
2018-03-08,,242812,Greenlake out-and-back 5k,1456,4.90,4.95,153,,"42F, wet. Consolidation"
2018-03-06,,143118,Reservoir 5k,1427,4.98,4.77,153,,"PR! 50F, sunny"
2018-03-03,,143118,Reservoir 5k,1429,4.98,4.78,153,,"PR!  45F, beautiful, sunny. A bit hung over!"
2018-02-28,,143117,Greenlake 5k,1433,5.01,4.77,152,,40F cloudy.  good push
2018-02-26,,143114,Reservoir Basic,968,3.40,4.74,150,,37F. some black ice. Sunny
2018-02-24,,143116,Greenlake 3k,1097,3.90,4.69,150,,"35F, wet.  5-day break: sickness & snow."
2018-02-18,,653902,45th to 65th loop,878,3.08,4.75,,,37F. cloudy. just gettin it done. 
2018-02-16,,143114,Reservoir Basic,971,3.40,4.76,155,,42F. Cloudy.  Big eggs bkfst.
2018-02-14,,562270,no lights local loop,1054,3.61,4.87,156,,38F. damp. good caff.
2018-02-11,,143116,Greenlake 3k,1238,3.90,5.29,,,"consolidation, took it slow.  35F dry."
2018-02-09,,562270,no lights local loop,1043,3.61,4.82,,,"42F, cloudy"
2018-02-07,,143116,Greenlake 3k,1090,3.90,4.66,153,,48F
2018-02-05,,143114,Reservoir Basic,957,3.40,4.69,154,,"46F, cloudy"
2018-02-03,,242812,Greenlake out-and-back 5k,1400,4.90,4.76,,,50F. cloudy. big bkfst.
2018-02-01,,653902,45th to 65th loop,871,3.08,4.71,156,,"44F, cloudy"
2018-01-30,,562270,no lights local loop,1050,3.61,4.85,,,"43F, cloudy, solid"
2018-01-28,,143114,Reservoir Basic,945,3.40,4.63,,,48F. good push. PR!
2018-01-25,,143116,Greenlake 3k,1081,3.90,4.62,153,,"42F, cloudy, decent push."
2018-01-23,,653902,45th to 65th loop,947,3.08,5.12,153,,"41F, took it easy, felt smooth."
2018-01-20,,234220,Upper Reservoir Park,1287,4.62,4.65,155,,"42F, routine"
2018-01-18,,143114,Reservoir Basic,963,3.40,4.72,155,,"43F, strong.  Almost hit by car @63rd!"
2018-01-16,,653902,45th to 65th loop,877,3.08,4.74,154,,48F.
2018-01-14,,242812,Greenlake out-and-back 5k,1410,4.90,4.79,,,"40F, sunny"
2018-01-12,,143114,Reservoir Basic,949,3.40,4.65,,,"52F, strong, 6:54 to sign."
2018-01-09,,653902,45th to 65th loop,875,3.08,4.73,155,,45F
2018-01-07,,143116,Greenlake 3k,1084,3.90,4.63,155,,"45F, good vd02"
2018-01-05,,562270,no lights local loop,1039,3.61,4.80,155,,"45F, strong"
2018-01-03,,143114,Reservoir Basic,1000,3.40,4.90,153,,"31F, sunny. low sleep."
2018-01-01,,143116,Greenlake 3k,1115,3.90,4.76,,,"40F, clear, lo-mo, late rise!"
2017-12-29,,653902,45th to 65th loop,885,3.08,4.79,,,"44F, rain"
2017-12-27,,242812,Greenlake out-and-back 5k,1401,4.90,4.76,155,,"38F, snow almost gone. "
2017-12-24,,653902,45th to 65th loop,898,3.08,4.86,,,33F dry
2017-12-22,,143116,Greenlake 3k,1088,3.90,4.65,153,,42F
2017-12-20,,562270,no lights local loop,1036,3.61,4.79,154,,"44F, strong start. 7:00 to turn."
2017-12-17,,143114,Reservoir Basic,958,3.40,4.69,,,44F. 
2017-12-15,,143114,Reservoir Basic,,3.40,,153,,"43F, good start, missed watch button - no time. "
2017-12-12,,653902,45th to 65th loop,868,3.08,4.69,153,,50F. low caf.
2017-12-10,,234220,Upper Reservoir Park,1324,4.62,4.78,153,,"35F, sunny."
2017-12-07,,562270,no lights local loop,1059,3.61,4.90,,,"35F, Sunny, careful lots of black ice!"
2017-12-05,,653902,45th to 65th loop,879,3.08,4.75,155,,"33F, Sunny"
2017-12-03,,143117,Greenlake 5k,1432,5.01,4.76,155,,"40F, cloudy. Pacer."
2017-12-01,,143116,Greenlake 3k,1072,3.90,4.58,153,,"48F, dry, strong start 3:45 to 65th."
2017-11-29,,143114,Reservoir Basic,957,3.40,4.69,154,,"44F, cloudy."
2017-11-27,,562270,no lights local loop,1057,3.61,4.89,,,"44F, dry. "
2017-11-25,,242812,Greenlake out-and-back 5k,1385,4.90,4.71,153,,"50F, Dry
"
2017-11-23,,143116,Greenlake 3k,1081,3.90,4.62,152,,"50F, rain."
2017-11-18,,234220,Upper Reservoir Park,1290,4.62,4.66,151,,meh./good pause at top.
2017-11-16,,143114,Reservoir Basic,1036,3.40,5.08,151,,took easy. 3 sprints.
2017-11-14,,143114,Reservoir Basic,949,3.40,4.65,,,"solid, strong start. more caf?"
2017-11-12,,653902,45th to 65th loop,934,3.08,5.05,153,,run/map slightly off. 
2017-11-10,,143116,Greenlake 3k,1082,3.90,4.62,151,,"42F, strong start. 3:40 to 65th. good pacer at start.
"
2017-11-06,,562270,no lights local loop,1055,3.61,4.88,,,"40F, partly cloudy. good VdO2
"
2017-11-04,,274992,Pettis Loop2 (Mtn View),966,3.51,4.59,,,"Nostalgia!  60F, misty"
2017-10-31,,143114,Reservoir Basic,949,3.40,4.65,,,"40F, clear, strong, 9:01 to top."
2017-10-28,,143116,Greenlake 3k,1080,3.90,4.61,,,"48F, foggy, timing estimated"
2017-10-24,,562270,no lights local loop,1030,3.61,4.76,,,"50F, sunny, strong"
2017-10-22,,566398,Dawg Dash Oct16,1447,5.00,4.82,152,,"Sunny 56F.   Won division!! 1/45
"
2017-10-20,,653902,45th to 65th loop,,3.08,,,,untimed. fun-run pre-race
2017-10-18,,143117,Greenlake 5k,1405,5.01,4.67,150,,Strong. PR!. 52F. Training Dawg Dash
2017-10-16,,143114,Reservoir Basic,993,3.40,4.87,150,,"45F, consolidation, slow start."
2017-10-14,,143116,Greenlake 3k,1094,3.90,4.67,150,,40F consolidation
2017-10-12,,143114,Reservoir Basic,954,3.40,4.67,151,,"50F, cloudy."
2017-10-10,,242812,Greenlake out-and-back 5k,1434,4.90,4.88,151,,"48F, consolidation, took easy"
2017-10-08,,143118,Reservoir 5k,1455,4.98,4.87,153,,"50F, partly cldy, strong start."
2017-10-06,,143114,Reservoir Basic,952,3.40,4.66,,,"46F, Sunny, Strong, watch issue?"
2017-10-04,,143116,Greenlake 3k,1085,3.90,4.64,,,"50F, sunny"
2017-10-02,,,,1126,,,155,,Walla Walla
2017-09-30,,,,1116,,,,,Walla Walla
2017-09-28,,143116,Greenlake 3k,1084,3.90,4.63,152,,"Strong, sunny. 54F"
2017-09-25,,,,900,2.90,5.18,,,Fairmont Vancouver Treadmill
2017-09-22,,234220,Upper Reservoir Park,1325,4.62,4.78,,,"Meh. 54F, 152"
2017-09-20,,562270,no lights local loop,1047,3.61,4.84,151,,felt strong. 50F. cloudy
2017-09-16,,434659,Cowen Park Ravine,1093,3.90,4.67,156,,big bkfst. smokey. 64F (modif route)
2017-09-14,,143116,Greenlake 3k,1091,3.90,4.66,152,,Strong. Sunny. 56F
2017-09-12,,143116,Greenlake 3k,1141,3.90,4.88,152,,Consolidation. 65F sunny
2017-09-10,,644636,Spirit of Belleview 2017,1492,5.15,4.83,,,65F. fast start. (Official time)
2017-09-07,,562270,no lights local loop,1049,3.61,4.85,153,,"consolidation, strong finish, 63F"
2017-09-05,,143114,Reservoir Basic,1002,3.40,4.91,154,,Consolidation. 67F. Smokey
2017-09-02,,242812,Greenlake out-and-back 5k,1387,4.90,4.72,,,Strong start. 70F sunny.
2017-08-31,,,,1067,3.70,4.81,,,Went off no-lights route. Rain 65F
2017-08-29,,143114,Reservoir Basic,960,3.40,4.70,152,,Strong.  65F
2017-08-27,,143117,Greenlake 5k,1429,5.01,4.75,153,,solid.  62F (flat shoes)
2017-08-25,,242812,Greenlake out-and-back 5k,1417,4.90,4.82,,,slow start. 55F
2017-08-23,,143118,Reservoir 5k,1437,4.98,4.81,,,OK - medium effort.
2017-08-20,,234220,Upper Reservoir Park,1285,4.62,4.64,,,OK effort. lots of stops. 7:05 to sign. New Timex!  PR
2017-08-18,,143116,Greenlake 3k,1080,3.90,4.61,,,Felt good. 
2017-08-16,,143114,Reservoir Basic,,3.40,,157,,Watch died at end.  Great splits.
2017-08-14,,143114,Reservoir Basic,997,3.40,4.88,,,start lo mo.  60F
2017-08-12,,562270,no lights local loop,1054,3.61,4.87,156,,"59F, cloudy. strong start."
2017-08-10,,143116,Greenlake 3k,1091,3.90,4.66,,,"Smokey, 3:55 to 65th."
2017-08-07,,,,1472,,,,,Castle Road / Brule
2017-08-05,,,,1140,,,,,"Winnebojou Club
"
2017-08-03,,,,1389,,,,,Winnebojou Club
2017-08-01,,562270,no lights local loop,1059,3.61,4.90,,,Sunny.
2017-07-29,,340040,Greenlake out & around,1794,6.21,4.81,155,,Solid. Sunny 65F. PR!
2017-07-27,,562270,no lights local loop,1069,3.61,4.94,,,decent. misty. 
2017-07-25,,143116,Greenlake 3k,1104,3.90,4.72,,,took easy. lower back. 
2017-07-23,,143114,Reservoir Basic,1030,3.40,5.05,155,,took it slow. sore lower back.
2017-07-20,,143116,Greenlake 3k,1084,3.90,4.63,,,Anger on start. strong start. 63F
2017-07-17,,,,1100,,,,,Tofino BC
2017-07-15,,,,1590,,,,,Ucluelet BC
2017-07-12,,,,1010,,,,,Pasadena/ Colorado Ave. Sluggish - pre-coffee/bkfst
2017-07-09,,242812,Greenlake out-and-back 5k,1418,4.90,4.82,155,,big bkfst. 65F. Sunny
2017-07-07,,562270,no lights local loop,1097,3.61,5.07,,,"slow start, stiff from major lab cleanout! 60F"
2017-07-04,,340040,Greenlake out & around,1891,6.21,5.07,156,,"low Vd02, longer time. 65F sunny"
2017-07-02,bike,,,5760,31.54,3.04,,,Redmond to Home.
2017-07-01,,143114,Reservoir Basic,970,3.40,4.75,,,Avg. 60F. Sunny. 1:00pm
2017-06-29,,562270,no lights local loop,1060,3.61,4.90,157,,"consolidation / ""victory lap"" / 60F"
2017-06-27,,143116,Greenlake 3k,1066,3.90,4.55,160,,strong start. 65F  PR - ever!
2017-06-24,,234220,Upper Reservoir Park,1349,4.62,4.87,,,"meh start. 72F, sunny"
2017-06-22,,143116,Greenlake 3k,1093,3.90,4.67,157,,good start. 3:55 to65th.  55F sunny.
2017-06-19,,,,1048,,,,,Random Trail run/ Encinitas
2017-06-17,,358344,Rihely Pl / Encinitas,1084,3.41,5.30,,,Hot!
2017-06-15,,143117,Greenlake 5k,1489,5.01,4.95,157,,Consolidation. 56F
2017-06-13,,143116,Greenlake 3k,1116,3.90,4.77,,,meh.  51F
2017-06-11,,562270,no lights local loop,1073,3.61,4.96,,,"OK, 66F, 2:00pm"
2017-06-09,,143116,Greenlake 3k,1133,3.90,4.84,,,Consolidation. Strong.
2017-06-06,,143114,Reservoir Basic,963,3.40,4.72,,,strong start. 58F. 3:07 to 65th.
2017-06-03,,562270,no lights local loop,1061,3.61,4.90,,,Decent.  58F
2017-06-01,,143116,Greenlake 3k,1095,3.90,4.68,156,,Strong start. 3:51 to 65th. 55F
2017-05-30,,143114,Reservoir Basic,1033,3.40,5.06,,,weak start. tight legs and core. 55F
2017-05-28,,242812,Greenlake out-and-back 5k,1439,4.90,4.89,,,Consolidation.  70F
2017-05-26,,562270,no lights local loop,1033,3.61,4.77,157,,"strong start. strong Vd02, 60F"
2017-05-24,,143114,Reservoir Basic,986,3.40,4.83,,,slow start. decent push. 7:03 to sign. 52F
2017-05-21,,242812,Greenlake out-and-back 5k,1522,4.90,5.18,,,consolidation. still headcold. 60F
2017-05-16,,143114,Reservoir Basic,987,3.40,4.84,,,Meh start.  Strong finish. 43F
2017-05-14,,562270,no lights local loop,1088,3.61,5.03,,,"Relaxed, Strong, 50F"
2017-05-12,,143118,Reservoir 5k,1480,4.98,4.95,,,Strong. 50F
2017-05-10,,143116,Greenlake 3k,1099,3.90,4.70,,,after break.  53F
2017-05-01,,,,1200,,,155,,"National Mall, 73F"
2017-04-29,,,,1200,,,,,"Treadmill, DC"
2017-04-27,,,,1086,,,,,National Mall!  78F
2017-04-25,,,,1109,,,,,"Golden Co, 6000 ft.
"
2017-04-23,,143114,Reservoir Basic,995,3.40,4.88,157,,low mo.  felt strong. 50F cloudy
2017-04-21,,143116,Greenlake 3k,1113,3.90,4.76,155,,Consolidation.  3 sprints at lake.  50F Sunny.
2017-04-19,,143114,Reservoir Basic,995,3.40,4.88,,,lo mo. 48F
2017-04-17,,562270,no lights local loop,1093,3.61,5.05,160,,back from B-day trip
2017-04-11,,143116,Greenlake 3k,1133,3.90,4.84,,,big bkfst. 45F sunny.
2017-04-09,,143116,Greenlake 3k,1134,3.90,4.85,158,,"46F, avg."
2017-04-07,,562270,no lights local loop,1076,3.61,4.97,,,"48F, average day"
2017-04-04,,143114,Reservoir Basic,977,3.40,4.79,157,,"46F, lo mo"
2017-04-02,,143117,Greenlake 5k,1460,5.01,4.86,,,"48F, sunny, just do it."
2017-03-31,,143114,Reservoir Basic,964,3.40,4.72,,,"felt slow start. 3:06 to 65th. 7:00 to sign. 43F
"
2017-03-29,,562270,no lights local loop,1085,3.61,5.02,157,,consolidation. miserable. 47F rainy.
2017-03-27,,143114,Reservoir Basic,998,3.40,4.89,,,"3:05 to 65th, 48F, consolidation"
2017-03-25,,143116,Greenlake 3k,1145,3.90,4.89,158,,"Consolidation. 50F Sunny, noon run."
2017-03-23,,143114,Reservoir Basic,944,3.40,4.63,,,strong start.   PR!!!
2017-03-21,,562270,no lights local loop,1077,3.61,4.98,160,,"48F, slow start, good push later. "
2017-03-19,,143116,Greenlake 3k,1100,3.90,4.70,,,extra caf. 35F sunny. a bit hung over!
2017-03-17,,562270,no lights local loop,1055,3.61,4.88,160,,"heavy bkfst. 40F, clear. PR"
2017-03-15,,143114,Reservoir Basic,983,3.40,4.82,,,"Meh, 49F, WET"
2017-03-10,,143114,Reservoir Basic,1020,3.40,5.00,,,consolidation 50F
2017-03-08,,143114,Reservoir Basic,960,3.40,4.70,,,"strong start, 2:56 to 65th, good vd02"
2017-03-06,,562270,no lights local loop,1079,3.61,4.99,160,,good start. good push. 35F
2017-03-04,,242812,Greenlake out-and-back 5k,1430,4.90,4.86,,,"Good Mo. 38F, sunny. 3:44 to 65th"
2017-03-02,,143114,Reservoir Basic,993,3.40,4.87,,,Decent 45F
2017-02-26,,562270,no lights local loop,1074,3.61,4.96,,,lo mo. 37F. good push later.
2017-02-24,,143116,Greenlake 3k,1118,3.90,4.78,,,35F
2017-02-22,,562270,no lights local loop,1091,3.61,5.04,161,,"avg motiv. 37F
"
2017-02-20,,143114,Reservoir Basic,1060,3.40,5.19,,,Consolidation. 45F
2017-02-18,,242812,Greenlake out-and-back 5k,1417,4.90,4.82,,,strong start. 3:48 to 65th.   45F
2017-02-14,,143116,Greenlake 3k,1125,3.90,4.81,165,,average. 37F sunny.
2017-02-10,,562270,no lights local loop,1079,3.61,4.99,,,lo mo. late push.
2017-02-08,,143114,Reservoir Basic,968,3.40,4.74,,,strong start. good push. 35F
2017-02-04,,234220,Upper Reservoir Park,1392,4.62,5.02,,,lo mo.  44F wet.
2017-02-02,,562270,no lights local loop,1094,3.61,5.06,163,,Strong.  27F. Sunny
2017-01-31,,,,1113,3.31,5.60,,,Moloaa beach to turn.
2017-01-29,,,,2003,6.16,5.42,,,Moloaa beach to hwy 56 rt.
2017-01-26,,562270,no lights local loop,1104,3.61,5.10,,,"Decent effort. 42F
"
2017-01-24,,143116,Greenlake 3k,1117,3.90,4.77,,,good start. 3:55 to 65th
2017-01-21,,143114,Reservoir Basic,1014,3.40,4.97,,,Long break.
2017-01-16,,143116,Greenlake 3k,1160,3.90,4.96,,,"good start. cold 31F, lo mo."
2017-01-14,,562270,no lights local loop,1106,3.61,5.11,163,,"33F, sunny.   Week off for headcold."
2017-01-08,,143116,Greenlake 3k,1175,3.90,5.02,,,"39F, head cold day 3"
2017-01-04,,143116,Greenlake 3k,1108,3.90,4.73,,,strong start. 3:55 to 65th. 27F sunny
2017-01-02,,143114,Reservoir Basic,1015,3.40,4.97,,,"9:30AM, legs heavy. 33F"
2016-12-31,,562270,no lights local loop,1110,3.61,5.13,,,Slow start. 35F
2016-12-29,,143114,Reservoir Basic,992,3.40,4.86,,,"Ski Trip!;  lo mo.
"
2016-12-25,,143116,Greenlake 3k,1106,3.90,4.73,,,good start.   Santa Hat!
2016-12-23,,143114,Reservoir Basic,981,3.40,4.81,,,37F wet.  gloppy snowflakes stuck to clothes!
2016-12-21,,562270,no lights local loop,1094,3.61,5.06,,,38f but nice.
2016-12-19,,143116,Greenlake 3k,1141,3.90,4.88,,,windy 38F no rain.
2016-12-17,,562270,no lights local loop,1076,3.61,4.97,,,Brrr.  28F
2016-12-14,,143114,Reservoir Basic,984,3.40,4.82,,,Brrrr. 30F. 3:11 to 65th
2016-12-11,,562270,no lights local loop,1075,3.61,4.97,,,Decent start. (snow break)
2016-12-06,,143114,Reservoir Basic,1015,3.40,4.97,,,frosty slippery. 37F
2016-12-04,,143118,Reservoir 5k,1510,4.98,5.05,168,,avg. sunny
2016-12-01,,562270,no lights local loop,1087,3.61,5.02,,,lo mo. good start.
2016-11-29,,143116,Greenlake 3k,1156,3.90,4.94,,,"consolidation, lo mo, but strong."
2016-11-27,,143114,Reservoir Basic,979,3.40,4.80,,,Good push.
2016-11-25,,143116,Greenlake 3k,1166,3.90,4.98,167,,"Carrying around Thanksgiving dinner!
"
2016-11-23,,562270,no lights local loop,1086,3.61,5.02,164,,
2016-11-21,,242812,Greenlake out-and-back 5k,1433,4.90,4.87,,,strong start. 3:55 to 65th
2016-11-18,,562270,no lights local loop,1088,3.61,5.03,,,Consolidation
2016-11-16,,143116,Greenlake 3k,1190,3.90,5.08,,,"Consolidation run. One sprint.
"
2016-11-14,,143114,Reservoir Basic,984,3.40,4.82,,,Strong. good vdO2
2016-11-12,,562270,no lights local loop,1072,3.61,4.96,,,wet but not raining
2016-11-10,,143116,Greenlake 3k,1097,3.90,4.69,,,strong start. 4 lights.
2016-11-08,,562270,no lights local loop,1062,3.61,4.91,164,,Strong. Sunny
2016-11-06,,143116,Greenlake 3k,1125,3.90,4.81,,,"strong, sunny"
2016-11-03,,562270,no lights local loop,1075,3.61,4.97,,,"CUBS WIN!!
"
2016-11-01,,143114,Reservoir Basic,1029,3.40,5.04,,,Back still weak but better. Rainy.
2016-10-30,,143116,Greenlake 3k,,3.90,,,,Slow. back still weak. 
2016-10-27,,562270,no lights local loop,1201,3.61,5.55,,,twitched back on start. Slow start. took easy.
2016-10-25,,143116,Greenlake 3k,1161,3.90,4.96,,,Consolidation
2016-10-23,,566398,Dawg Dash Oct16,1457,5.00,4.86,,,"The main event! tough! (official time)  #2 in 61-70, #4 in 51-60(!)"
2016-10-21,,143116,Greenlake 3k,1156,3.90,4.94,162,,"consolidation. Enjoyed it.
"
2016-10-19,,143114,Reservoir Basic,1012,3.40,4.96,,,"Consolidation, 4 sprints."
2016-10-17,,143116,Greenlake 3k,1171,3.90,5.00,,,Consolidation. w/ Sprints.
2016-10-15,,566398,Dawg Dash Oct16,1519,5.00,5.06,,,Initial Run! 
2016-10-12,,562270,no lights local loop,1106,3.61,5.11,,,"sunny, cold."
2016-10-10,,562270,no lights local loop,1133,3.61,5.24,,,new route. consolidation. 
2016-10-08,,143117,Greenlake 5k,1436,5.01,4.78,,,very strong start. 3:37 to 65th. 
2016-10-06,,143114,Reservoir Basic,961,3.40,4.71,,,strong start. 8:45 to top. strong vd02
2016-10-04,,143114,Reservoir Basic,1052,3.40,5.15,,,took it easy. 
2016-10-02,,560790,,1491,5.16,4.82,166,,Oops wrong turn! on GL 5k.  
2016-09-30,,234220,Upper Reservoir Park,1375,4.62,4.96,,,Consolidation. no rest at top!
2016-09-28,,143114,Reservoir Basic,977,3.40,4.79,,,Decent start. good push.
2016-09-26,,143116,Greenlake 3k,1166,3.90,4.98,,,Consolidation. Lo Mo. Sunny cool.
2016-09-24,,242812,Greenlake out-and-back 5k,1424,4.90,4.84,,,Strong start. solid effort. tied PR!
2016-09-20,,143116,Greenlake 3k,1210,3.90,5.17,,,"Consolidation, brisk sunny"
2016-09-16,,457413,MTV Corrected 5k,,4.98,,,,Old times sake!  No watch.
2016-09-14,,143114,Reservoir Basic,973,3.40,4.77,,,"strong, decent start."
2016-09-13,,143116,Greenlake 3k,1219,3.90,5.21,,,"Consolidation. Took it easy. 
"
2016-09-11,,143114,Reservoir Basic,1023,3.40,5.01,,,Consolidation. took partially easy. 4:30PM
2016-09-09,,143116,Greenlake 3k,1104,3.90,4.72,,,strong start. sunny cool. only 2 lights!
2016-09-07,,143114,Reservoir Basic,1006,3.40,4.93,167,,"Decent. 
"
2016-09-01,,143116,Greenlake 3k,1109,3.90,4.74,,,strong start. 3:51 to 65th.  Strong.
2016-08-29,,234220,Upper Reservoir Park,1362,4.62,4.92,,,"Good start. good push at top. started ham stretch.
"
2016-08-27,,143114,Reservoir Basic,1010,3.40,4.95,,,"slow start. r leg sore.
"
2016-08-27,,143114,Reservoir Basic,1010,3.40,4.95,,,OK
2016-08-25,,434659,Cowen Park Ravine,1210,4.10,4.92,,,slow start. full tummy? 
2016-08-23,,143116,Greenlake 3k,1139,3.90,4.87,169,,4:10 to 65th.  R leg felt stiff. warm.
2016-08-19,,143114,Reservoir Basic,1055,3.40,5.17,,,took it easy. Hot.
2016-08-16,,143116,Greenlake 3k,1120,3.90,4.79,167,,good pacer. sunny
2016-08-14,,143114,Reservoir Basic,1010,3.40,4.95,,,inspired by olymp 10k!  Sunny warm.
2016-08-12,,143116,Greenlake 3k,1194,3.90,5.10,,,Took it easy. Nice weather. 
2016-08-10,,143116,Greenlake 3k,,3.90,,,,Strong start. Missed timer start. 
2016-08-08,,143114,Reservoir Basic,1041,3.40,5.10,,,slow start. took it easy.
2016-08-06,,143118,Reservoir 5k,1496,4.98,5.00,,,Strong start. cool.
2016-08-04,,143116,Greenlake 3k,1146,3.90,4.90,,,"OK, nice weather"
2016-08-02,,143114,Reservoir Basic,1035,3.40,5.07,,,a bit groggy.
2016-07-31,,143116,Greenlake 3k,1141,3.90,4.88,,,Took it easy multiple stops - back from Swedish (TIA eval!)
2016-07-26,,434659,Cowen Park Ravine,1179,4.10,4.79,,,
2016-07-24,,143116,Greenlake 3k,1142,3.90,4.88,,,"good start, sunny"
2016-07-22,,143114,Reservoir Basic,1022,3.40,5.01,168,,"Strong - long rest (Scotland Trip)
"
2016-07-10,,,,1126,,,,,"Edinburgh!
"
2016-07-03,,242812,Greenlake out-and-back 5k,1435,4.90,4.88,,,hi caf. good start. almost pr.
2016-07-01,,143114,Reservoir Basic,1006,3.40,4.93,,,"basic effort. 
"
2016-06-29,,143116,Greenlake 3k,1173,3.90,5.01,168,,took it easy.
2016-06-27,,143114,Reservoir Basic,1015,3.40,4.97,,,lo mo. 3:20 to 65th
2016-06-25,,143116,Greenlake 3k,1131,3.90,4.83,,,low caf. good push.
2016-06-22,,143114,Reservoir Basic,1004,3.40,4.92,167,,Strong. 3:15 to 65th
2016-06-20,,358344,Rihely Pl / Encinitas,1138,3.41,5.56,,,
2016-06-18,,358344,Rihely Pl / Encinitas,1120,3.41,5.47,,,
2016-06-15,,143116,Greenlake 3k,1101,3.90,4.70,,,two extra pauses. Intervals!
2016-06-13,,143114,Reservoir Basic,1039,3.40,5.09,,,Took it easy. lo mo.
2016-06-11,,143114,Reservoir Basic,978,3.40,4.79,,,Solid.  Good Vd02. good push.
2016-06-11,,143116,Greenlake 3k,1159,3.90,4.95,164,,"Solid. (4 yrs!!)
"
2016-06-07,,,,1080,,,,,Fisherman's wharf/fort mason SF
2016-06-03,,143116,Greenlake 3k,1120,3.90,4.79,,,"good push, slowish start, good vd02. nice weather"
2016-06-01,,143114,Reservoir Basic,1037,3.40,5.08,,,Took it easy. slowed down. 
2016-05-30,,143116,Greenlake 3k,1142,3.90,4.88,,,sore legs. focus drift. nice weather.
2016-05-28,,340040,Greenlake out & around,1889,6.21,5.07,165,,Consolidation - just get through it!
2016-05-21,,143114,Reservoir Basic,1029,3.40,5.04,166,,good caf. rainy.
2016-05-15,,,,1140,,,,,"Central Park, NYC!
"
2016-05-11,,143116,Greenlake 3k,1126,3.90,4.81,164,,Decent. nice weather.
2016-05-08,,143116,Greenlake 3k,1134,3.90,4.85,,,"Good Vd02, sore legs.
"
2016-05-06,,518719,"Around McGill, Montreal",922,2.82,5.46,,,First time. New route.
2016-05-01,,143116,Greenlake 3k,1129,3.90,4.82,,,Sunny. good Caff. Time APPROX.
2016-04-29,,516669,Sandman Loop Squamish,1065,3.42,5.19,,,First time.  good caff.
2016-04-27,,143114,Reservoir Basic,983,3.40,4.82,,,low sleep. extra (12oz) caff. 
2016-04-25,,143116,Greenlake 3k,1221,3.90,5.22,165,,Took it slow. 
2016-04-23,,143118,Reservoir 5k,1483,4.98,4.96,,,good (12oz) caff. 
2016-04-20,,234220,Upper Reservoir Park,1384,4.62,5.00,164,,hot day. r leg sore. rest at top.
2016-04-18,,143116,Greenlake 3k,1171,3.90,5.00,,,good start. eased on hill.
2016-04-16,,143116,Greenlake 3k,1078,3.90,4.61,,,good push. extra rest stops. 
2016-04-14,,143114,Reservoir Basic,1203,3.40,5.89,,,Consolidation. tried to go slow.
2016-04-12,,234220,Upper Reservoir Park,1404,4.62,5.07,,,took easy.
2016-04-10,,340040,Greenlake out & around,1915,6.21,5.14,,,Solid start. Lost focus in back end. nice weather
2016-04-08,,143114,Reservoir Basic,1049,3.40,5.14,,,took it easy. stiff r leg.
2016-04-06,,143116,Greenlake 3k,1158,3.90,4.95,,,Consolidation. good start. r leg stiff.
2016-04-04,,143116,Greenlake 3k,,3.90,,,,"fast start, good effort. messed up timer."
2016-04-02,,143114,Reservoir Basic,1020,3.40,5.00,,,"good caf. took easy. Stiff R. hamstring
"
2016-03-29,,143116,Greenlake 3k,1145,3.90,4.89,,,low sleep. recovery from Chief
2016-03-25,,,,1185,,,,,"Nanaimo BC, vacation"
2016-03-21,,143114,Reservoir Basic,1022,3.40,5.01,,,lo-mo. wet.
2016-03-18,,143116,Greenlake 3k,1117,3.90,4.77,,,Strong. good start. nice weather
2016-03-15,,143116,Greenlake 3k,1222,3.90,5.22,,,"Consolidation, celebrate!
"
2016-03-13,,502559,StPatricksDayDash,1500,5.00,5.00,,,crowds new route. strong.  Official time 25:00 pace 8:04/mi
2016-03-11,,143114,Reservoir Basic,1040,3.40,5.10,,,"Consolidation. stiff legs. 
Took easy.
"
2016-03-08,,143116,Greenlake 3k,1117,3.90,4.77,,,strong start. felt strong.
2016-03-06,,234220,Upper Reservoir Park,1440,4.62,5.20,,,slow start. wet.
2016-03-04,,143116,Greenlake 3k,1101,3.90,4.70,,,"Strong, good V.O2"
2016-03-02,,242812,Greenlake out-and-back 5k,1441,4.90,4.90,,,Good effort. 
2016-02-29,,143116,Greenlake 3k,,3.90,,,,consolidation. left watch behind.
2016-02-27,,143114,Reservoir Basic,1043,3.40,5.11,,,"Blah, stiff legs."
2016-02-25,,143116,Greenlake 3k,1178,3.90,5.03,,,Slow start. sunny
2016-02-23,,143114,Reservoir Basic,982,3.40,4.81,,,10oz caff.  strong. sunny.
2016-02-20,,143116,Greenlake 3k,1119,3.90,4.78,,,12oz caff. felt strong.strong start.
2016-02-16,,143114,Reservoir Basic,1048,3.40,5.13,,,took it easy. very wet.
2016-02-12,,143114,Reservoir Basic,1033,3.40,5.06,,,"Slow start. no excuses.
"
2016-02-10,,143116,Greenlake 3k,1143,3.90,4.88,,,Slow start. low sleep. new ASICS shoes.
2016-02-08,,143114,Reservoir Basic,,3.40,,,,heavy legs. forgot watch.
2016-02-06,,234220,Upper Reservoir Park,1389,4.62,5.01,,,Blah
2016-02-04,,143114,Reservoir Basic,1007,3.40,4.93,,,"Blah, Slow start."
2016-02-02,,143116,Greenlake 3k,1155,3.90,4.94,,,"Meh, good finish
"
2016-01-31,,143117,Greenlake 5k,1495,5.01,4.97,,,Consolidation. felt good. pacer at start.
2016-01-29,,143116,Greenlake 3k,1153,3.90,4.93,,,"Strong start, anxious about falling!"
2016-01-25,,,,1087,,,,,Shenzhen Waterfront
2016-01-22,,143114,Reservoir Basic,993,3.40,4.87,,,sluggish but good effort.
2016-01-16,,,,1084,,,,,"Laguna Woods
"
2016-01-15,,143116,Greenlake 3k,1161,3.90,4.96,,,Consolidation. melow tunes.
2016-01-12,,143114,Reservoir Basic,1018,3.40,4.99,,,"Consolidation, scared of tripping!"
2016-01-07,,143116,Greenlake 3k,,3.90,,,,"Fell.  good caf, bad sleep."
2016-01-05,,143114,Reservoir Basic,1065,3.40,5.22,,,Consolidation. cold. low sleep.
2016-01-03,,143116,Greenlake 3k,1143,3.90,4.88,,,"Consolidation, mid-day, cold"
2016-01-01,,143114,Reservoir Basic,978,3.40,4.79,,,Noon. Felt strong.
2015-12-30,,143116,Greenlake 3k,1136,3.90,4.85,,,"long break, strong start."
2015-12-12,,143116,Greenlake 3k,1144,3.90,4.89,,,"hi caf, strong start, cold rainy"
2015-12-10,,481904,Short MTV 3k,873,3.04,4.79,163,,right leg stiff at start.
2015-12-08,,481904,Short MTV 3k,881,3.04,4.83,,,"start stiff legs, good push"
2015-12-06,,143114,Reservoir Basic,1033,3.40,5.06,,,"Consolidation, good caf"
2015-12-05,,143116,Greenlake 3k,1109,3.90,4.74,,,"Strong start, good caf."
2015-12-02,,389200,Los Altos2,983,3.36,4.88,165,,Stiff start. low sleep.
2015-11-28,,143114,Reservoir Basic,995,3.40,4.88,,,"1:00pm sunny cold, strong glide."
2015-11-26,,143116,Greenlake 3k,1116,3.90,4.77,,,"Decent, crisp clear weather. late morning.
"
2015-11-24,,143116,Greenlake 3k,1189,3.90,5.08,,,"Blah, rainy, low push."
2015-11-21,,143116,Greenlake 3k,1131,3.90,4.83,,,good pacer. good push.
2015-11-18,,274992,Pettis Loop2 (Mtn View),1009,3.51,4.79,164,,good caf. good cadence
2015-11-15,,143114,Reservoir Basic,1022,3.40,5.01,,,felt stiff start; JDI
2015-11-13,,457413,MTV Corrected 5k,,4.98,,162,,Did another to find keys! Fail!
2015-11-12,,457413,MTV Corrected 5k,,4.98,,,,"Consolidation: Fell!
"
2015-11-10,,274992,Pettis Loop2 (Mtn View),1033,3.51,4.91,,,"OK, Good 12min split (past 3rd dway)"
2015-11-07,,143116,Greenlake 3k,1130,3.90,4.83,,,Mid day. Rain. Strong Start.
2015-11-06,Bike,475834,Pettis to GLS,1020,6.26,2.71,,,"Bike Commute
"
2015-11-05,,389200,Los Altos2,974,3.36,4.83,,,"good sleep, good caff, good tunes"
2015-11-03,,457413,MTV Corrected 5k,1443,4.98,4.82,163,,"stiff start, decent effort"
2015-11-01,,143114,Reservoir Basic,1003,3.40,4.91,,,"decent, strong downhill"
2015-10-29,,274992,Pettis Loop2 (Mtn View),1029,3.51,4.89,,,"strong start, strong finish"
2015-10-27,,274992,Pettis Loop2 (Mtn View),1036,3.51,4.92,165,,"back from long break. decent effort, slow start."
2015-10-08,,389200,Los Altos2,1089,3.36,5.40,,,"Took it EASY, extended run."
2015-10-06,,389200,Los Altos2,999,3.36,4.96,,,Decent effort
2015-10-04,,,,1084,,,,,New Orleans Levee
2015-10-01,,457413,MTV Corrected 5k,1444,4.98,4.83,168,,"Consolidation, strong"
2015-09-29,,274992,Pettis Loop2 (Mtn View),1043,3.51,4.95,165,,"consolidation, strong"
2015-09-27,,143116,Greenlake 3k,1124,3.90,4.80,,,Decent effort.
2015-09-23,,457413,MTV Corrected 5k,1409,4.98,4.71,,,Strong
2015-09-20,,143114,Reservoir Basic,1072,3.40,5.25,,,"Consolidation, lo caf?"
2015-09-18,,274992,Pettis Loop2 (Mtn View),1021,3.51,4.85,,,"Consolidation, felt strong, lo sleep"
2015-09-15,,389200,Los Altos2,986,3.36,4.89,,,Consolidation. Strong bursts.
2015-09-12,,143114,Reservoir Basic,965,3.40,4.73,168,,"strong start, good effort, V.O2max"
2015-09-10,,274992,Pettis Loop2 (Mtn View),1018,3.51,4.84,,,strong start
2015-09-06,Run,,,1534,5.13,4.98,,,GL 5k + wrong turn.
2015-09-04,,274992,Pettis Loop2 (Mtn View),1026,3.51,4.87,170,,strong start. 12min 3rd dwy.
2015-09-02,,389200,Los Altos2,1018,3.36,5.05,,,bleh! slow start
2015-08-30,,340040,Greenlake out & around,1924,6.21,5.16,,,"Consolidation run
"
2015-08-28,,372822,New MTV 5kA,1498,5.04,4.95,,,"consolidation, low sleep
"
2015-08-25,,274992,Pettis Loop2 (Mtn View),1050,3.51,4.99,,,Slow start. 12:09 third driveway.
2015-08-22,,143116,Greenlake 3k,1158,3.90,4.95,,,Consolidation/ low caf/ took week off for R knee.
2015-08-15,,143114,Reservoir Basic,962,3.40,4.71,,,PR! Strong start. good push.
2015-08-11,,143116,Greenlake 3k,1109,3.90,4.74,,,Nice!  (prior runs at Brule not recorded).
2015-07-29,,143116,Greenlake 3k,1172,3.90,5.01,,,Consolidation run. took easy.
2015-07-25,,143114,Reservoir Basic,974,3.40,4.77,,,Nice! fast start. (almost PR)
2015-07-22,,457413,MTV Corrected 5k,1413,4.98,4.72,,, Strong start push
2015-07-20,,143114,Reservoir Basic,1056,3.40,5.17,,,"slow start, low sleep. lo mo."
2015-07-18,,143116,Greenlake 3k,1123,3.90,4.80,,,Strong (legs hurt from intervals and full stomach at start!).  No red lights
2015-07-16,Intervals,,,,,,169,,3x30sec all out(!)
2015-07-13,,434659,Cowen Park Ravine,1188,4.10,4.83,,,Consolidation run.
2015-07-11,,143116,Greenlake 3k,1085,3.90,4.64,,,Who hoo!   (3 lights though)
2015-07-09,,389200,Los Altos2,961,3.36,4.77,,,RoutePR: Strong start - long lite
2015-07-07,,274992,Pettis Loop2 (Mtn View),1037,3.51,4.93,,,low sleep- conditioning run
2015-07-04,,340040,Greenlake out & around,1820,6.21,4.88,,,Hot!  (break at 22.5min)
2015-07-02,,389200,Los Altos2,976,3.36,4.84,168,,OK
2015-06-30,,372822,New MTV 5kA,1463,5.04,4.83,,,low sleep
2015-06-18,,274992,Pettis Loop2 (Mtn View),1026,3.51,4.87,,,eh.
2015-06-16,,389200,Los Altos2,984,3.36,4.88,,,meh! good push
2015-06-14,,434659,Cowen Park Ravine,1118,4.00,4.66,,,New Route go to 15th to make up shortcut.
2015-06-12,,143114,Reservoir Basic,982,3.40,4.81,170,,Solid
2015-06-09,,457413,MTV Corrected 5k,1425,4.98,4.76,,,Sweet
2015-06-06,,143116,Greenlake 3k,1113,3.90,4.76,,,Strong!  (felt slow at start)
2015-06-03,,274992,Pettis Loop2 (Mtn View),1067,3.51,5.07,,,"still recovering from head cold.
"
2015-06-01,,143116,Greenlake 3k,1189,3.90,5.08,,,Took it easy. Back from headcold
2015-05-23,,143116,Greenlake 3k,1095,3.90,4.68,,,strong! (good sleep/caff)
2015-05-19,,274992,Pettis Loop2 (Mtn View),1027,3.51,4.88,,,Ok effort w/ bursts of speed.
2015-05-16,,143114,Reservoir Basic,1020,3.40,5.00,,,Lo mo.  
2015-05-13,,389200,Los Altos2,988,3.36,4.90,,,"took it easy. Consolidation
"
2015-05-09,,143116,Greenlake 3k,1089,3.90,4.65,,,swift!  (strong start)
2015-05-06,,274992,Pettis Loop2 (Mtn View),1012,3.51,4.81,167,,Felt strong - maybe slow start?
2015-05-04,,143114,Reservoir Basic,1047,3.40,5.13,,,Yuk!  Legs felt like lead for a while.
2015-05-02,,340040,Greenlake out & around,1840,6.21,4.94,,,Strong - beautiful weather
2015-04-28,,389200,Los Altos2,1003,3.36,4.98,168,,"meh
"
2015-04-25,,242812,Greenlake out-and-back 5k,1504,4.90,5.11,,,Legs hurt (7 cement blocks!)
2015-04-22,,274992,Pettis Loop2 (Mtn View),1049,3.51,4.98,,,slow warm-up
2015-04-18,,143114,Reservoir Basic,985,3.40,4.83,,,"Meh - route improve.
"
2015-04-14,,389200,Los Altos2,1028,3.36,5.10,,,Relaxed consolidation run
2015-04-11,,242812,Greenlake out-and-back 5k,1462,4.90,4.97,,,Relaxed consolidation run
2015-04-09,,372759,New MTV 5k,1404,5.10,4.59,167,,"PR!!  Whoo hoo!
"
2015-04-08,Bike,408865,Google Bike Commute: Rengsdorf,918,5.28,2.90,,,First MTV bike to work!
2015-04-06,,143114,Reservoir Basic,1011,3.40,4.95,,,meh! seemed hard
2015-04-04,,143116,Greenlake 3k,1210,3.90,5.17,,,Relaxed - consolidation run.
2015-04-02,,372822,New MTV 5kA,1422,5.04,4.70,,,"Nice!
"
2015-03-30,,143114,Reservoir Basic,1018,3.40,4.99,170,,tired legs (killer hikes in Winthrop)
2015-03-28,,404872,Gunn Ranch Winthrop,1110,3.70,5.00,,,Nice new Route (altitude)
2015-03-24,,274992,Pettis Loop2 (Mtn View),1061,3.51,5.04,,,"Meh!  (low sleep night, early rise)"
2015-03-21,,143116,Greenlake 3k,1161,3.90,4.96,,,Relaxed training run.
2015-03-19,,291327,Pettis Loop 5K,1479,5.13,4.81,,,Strong - no music. (route PR)
2015-03-17,,389200,Los Altos2,974,3.36,4.83,,,long light at ECR!
2015-03-14,,143114,Reservoir Basic,1010,3.40,4.95,,,"But - added distance / wrong turn.
"
2015-03-12,,372759,New MTV 5k,1440,5.10,4.71,168,,Slow first 5 min!  Sweet run.
2015-03-10,,274992,Pettis Loop2 (Mtn View),1033,3.51,4.91,,,Slow start. legs felt bad first 5 min.  Strong finish.
2015-03-07,,340040,Greenlake out & around,1850,6.21,4.96,,,"took it easy - strong finish - low caff.
"
2015-03-04,,389200,Los Altos2,961,3.36,4.77,,,Strong! (1 long light)
2015-03-03,,143114,Reservoir Basic,1043,3.40,5.11,169,,relaxed consolidation run.
2015-02-28,,143116,Greenlake 3k,1106,3.90,4.73,,,Nice!
2015-02-26,,372759,New MTV 5k,1407,5.10,4.60,,,"WOW! PR for 5k (2 reds near end though)
"
2015-02-24,,274992,Pettis Loop2 (Mtn View),1021,3.51,4.85,,,Felt strong (slow start?)
2015-02-22,Race!,392292,UW MSF 5k Run,1380,4.60,5.00,,,Fun - seemed hard.  Too fast on start.
2015-02-20,,274992,Pettis Loop2 (Mtn View),1059,3.51,5.03,168,,Relaxed training run.
2015-02-18,,389200,Los Altos2,1006,3.36,4.99,170,,meh.
2015-02-15,,143114,Reservoir Basic,997,3.40,4.88,,,3:06 @ 65th (too strong start?)
2015-02-13,,274992,Pettis Loop2 (Mtn View),1036,3.51,4.92,,,Thinking about salary negot.!
2015-02-11,,389200,Los Altos2,1058,3.36,5.25,,,New route
2015-02-08,,340040,Greenlake out & around,1960,6.21,5.26,,,Training / 30 sec walk / ska last night!
2015-02-06,,291327,Pettis Loop 5K,1518,5.13,4.93,,,OK.
2015-02-04,,274992,Pettis Loop2 (Mtn View),1100,3.51,5.22,168,,low caff.  Feet of lead!
2015-02-01,,143116,Greenlake 3k,1135,3.90,4.85,,,good start.  Vo2 max?
2015-01-30,,372759,New MTV 5k,1466,5.10,4.79,,,5KPR! Awesome!  Strong finish.
2015-01-28,,274992,Pettis Loop2 (Mtn View),1033,3.51,4.91,170,,After Hawaii break
2015-01-16,,274992,Pettis Loop2 (Mtn View),1149,3.51,5.46,,,Took it easy (left heel??)
2015-01-14,,274992,Pettis Loop2 (Mtn View),1037,3.51,4.93,168,,OK good push.
2015-01-11,,340040,Greenlake out & around,,6.21,,,,Good run. left watch in MV!
2015-01-09,,274992,Pettis Loop2 (Mtn View),1047,3.51,4.97,,,"felt good but..
"
2015-01-06,,274992,Pettis Loop2 (Mtn View),1139,3.51,5.41,,,Took it easy (cold!)
2015-01-04,,143118,Reservoir 5k,1520,4.98,5.08,,,hot start (3:02 to 65th) too much?
2015-01-02,,372759,New MTV 5k,1491,5.10,4.87,,,blah start...
2014-12-31,,274992,Pettis Loop2 (Mtn View),1062,3.51,5.04,170,,Meh... strong finish
2014-12-29,,143114,Reservoir Basic,1009,3.40,4.94,,,Cold & sunny.
2014-12-27,,242812,Greenlake out-and-back 5k,1501,4.90,5.10,,,Strong finish
2014-12-25,,,,,6.00,,,,Christmas run/walk Glake
2014-12-23,,143114,Reservoir Basic,1051,3.40,5.15,,,Took it easy.
2014-12-21,,143116,Greenlake 3k,1132,3.90,4.84,,,Strong start and good push.
2014-12-19,,143114,Reservoir Basic,996,3.40,4.88,,,blah but pushed hard. 
2014-12-17,,143118,Reservoir 5k,1609,4.98,5.38,,,blah.
2014-12-14,,372759,New MTV 5k,1513,5.10,4.94,168,,felt stiff on start. took easy?
2014-12-12,,274992,Pettis Loop2 (Mtn View),1074,3.51,5.10,168,,lo mo
2014-12-10,,372822,New MTV 5kA,1567,5.04,5.18,,,New Route/wrong turn.
2014-12-07,,143116,Greenlake 3k,1118,3.90,4.78,,,very strong start. cramp near end.
2014-12-05,,291327,Pettis Loop 5K,1533,5.13,4.98,169,,"so so at start.
"
2014-12-03,,274992,Pettis Loop2 (Mtn View),1064,3.51,5.05,,,"Rain!, New shoes. Strong finish"
2014-11-30,,143116,Greenlake 3k,1164,3.90,4.97,,,tail end of cold. 
2014-11-26,,370031,Greenlake mini 3k,1015,3.21,5.27,,,Getting over headcold.
2014-11-19,,,,879,3.12,4.70,,,Westin Arlington Treadmill
2014-11-16,,274992,Pettis Loop2 (Mtn View),1025,3.51,4.87,,,Slow start; strong finish.
2014-11-14,,291327,Pettis Loop 5K,1585,5.13,5.15,168,,took easy. plenty left at end.
2014-11-12,,274992,Pettis Loop2 (Mtn View),1007,3.51,4.78,,,Strong start good lungs. PR+1
2014-11-10,,143117,Greenlake 5k,1516,5.01,5.04,,,"crisp.
"
2014-11-07,,291327,Pettis Loop 5K,1529,5.13,4.97,,,"mid-push, strong end."
2014-11-05,,274992,Pettis Loop2 (Mtn View),1046,3.51,4.97,,,good lungs.
2014-11-01,,242812,Greenlake out-and-back 5k,1443,4.90,4.91,,,48deg. route PR!
2014-10-30,,274992,Pettis Loop2 (Mtn View),1034,3.51,4.91,,,"OK - strong start.
"
2014-10-28,,291327,Pettis Loop 5K,1545,5.13,5.02,,,Decent - crisp weather
2014-10-22,,,,1046,3.28,5.32,,,"Koreana Hotel treadmill
"
2014-10-17,,143114,Reservoir Basic,980,3.40,4.80,,,"Strong start!
"
2014-10-14,,291327,Pettis Loop 5K,1530,5.13,4.97,,,"Strong - not push
"
2014-10-13,,358344,Rihely Pl / Encinitas,1064,3.41,5.20,,,First time at Phil/Shawn's
2014-10-08,,291327,Pettis Loop 5K,1635,5.13,5.31,,,Took easy; felt very strong
2014-10-05,,143116,Greenlake 3k,1084,3.90,4.63,,,PR!  Strong (3 R lights)
2014-10-04,,144248,Greenlake out-and-back 5k (deprecated),1466,4.71,5.18,,,Conversational: Rainer Leushke
2014-10-01,,274992,Pettis Loop2 (Mtn View),1057,3.51,5.02,,,"strong, low motiv./sleep"
2014-09-28,,143114,Reservoir Basic,1031,3.40,5.05,,,low caff?  GI prob?
2014-09-27,,340040,Greenlake out & around,1820,6.21,4.88,,,"Strong start! (routePR)
"
2014-09-24,,274992,Pettis Loop2 (Mtn View),1026,3.51,4.87,,,"strong 2nd half (slow start?)
"
2014-09-22,,143116,Greenlake 3k,1123,3.90,4.80,,,"Strong start --- too strong?
"
2014-09-20,,340040,Greenlake out & around,1990,6.21,5.34,,,"'conversation pace'
"
2014-09-18,,143114,Reservoir Basic,995,3.40,4.88,,,"Solid
"
2014-09-14,,,,1309,,,166,,Kitty's house fun - 
2014-09-12,,274992,Pettis Loop2 (Mtn View),1001,3.51,4.75,,,"route PR!  strong push
"
2014-09-10,,274992,Pettis Loop2 (Mtn View),1017,3.51,4.83,,,"Strong finish.
"
2014-09-07,,340040,Greenlake out & around,1931,6.21,5.18,,,No stops! strong finish
2014-09-05,,274992,Pettis Loop2 (Mtn View),1023,3.51,4.86,,,Caff++
2014-09-01,,340040,Greenlake out & around,1900,6.21,5.10,,,New!  one stop
2014-08-28,,143114,Reservoir Basic,991,3.40,4.86,,,mentally off(!) good 2nd half.
2014-08-26,,143116,Greenlake 3k,1219,3.90,5.21,,,Maintenance run. angry driver!
2014-08-24,,143114,Reservoir Basic,988,3.40,4.84,,,"Nice. (Olypenn hikes!)
"
2014-08-16,,143116,Greenlake 3k,1115,3.90,4.76,,,"legs strong. V.O2 lim. 1:00PM
"
2014-08-14,,274992,Pettis Loop2 (Mtn View),1017,3.51,4.83,,,"Strong, 'race pace'"
2014-08-11,,274992,Pettis Loop2 (Mtn View),1170,3.51,5.56,,,took it easy. too many grapes!?
2014-08-09,,274992,Pettis Loop2 (Mtn View),1044,3.51,4.96,,,good cardio. too full bkfst?
2014-08-07,,274992,Pettis Loop2 (Mtn View),1051,3.51,4.99,,,good push; low sleep
2014-08-05,,143114,Reservoir Basic,1029,3.40,5.04,,,slow start; tiger mtn yesterday?
2014-08-03,,144248,Greenlake out-and-back 5k (deprecated),1448,4.71,5.12,,,conditioning run
2014-07-31,,274992,Pettis Loop2 (Mtn View),1064,3.51,5.05,,,took easy on neck/r shoulder
2014-07-27,,143116,Greenlake 3k,1140,3.90,4.87,,,Nice..
2014-07-25,,143116,Greenlake 3k,1146,3.90,4.90,,,"Felt strong, good start."
2014-07-23,,,,900,,,,,treadmill in Pittsburg Hotel
2014-07-20,,143114,Reservoir Basic,1032,3.40,5.06,,,basic run. knee  OK.
2014-07-18,,274992,Pettis Loop2 (Mtn View),1072,3.51,5.09,,,Back from resting/ibu right knee.
2014-07-13,,143116,Greenlake 3k,1144,3.90,4.89,,,had a pacer on start. 3:55 to 65th!
2014-07-10,,274992,Pettis Loop2 (Mtn View),1040,3.51,4.94,,,"felt strong, no tunes, cool"
2014-07-08,,291327,Pettis Loop 5K,1543,5.13,5.01,,,cool temp. No music.
2014-07-06,,143116,Greenlake 3k,1201,3.90,5.13,,,"under caf? hot sun?
"
2014-07-04,,143114,Reservoir Basic,1031,3.40,5.05,,,Felt sluggish
2014-07-02,,291327,Pettis Loop 5K,1617,5.13,5.25,,,Thinking about software/ took easy
2014-07-01,,274992,Pettis Loop2 (Mtn View),1038,3.51,4.93,,,caffinated
2014-06-28,,274992,Pettis Loop2 (Mtn View),1027,3.51,4.88,,,consistent!
2014-06-26,,291327,Pettis Loop 5K,1503,5.13,4.88,,,Nice - training runs in SoCal?
2014-06-23,,,,1041,3.25,5.34,,,Santa Monica (time based)
2014-06-21,,,,1098,3.27,5.60,,,Santa Barbara (time based)
2014-06-18,,291327,Pettis Loop 5K,1533,5.13,4.98,,,got the route right this time. 
2014-06-15,,143118,Reservoir 5k,1648,4.98,5.51,,,took it easy for Father's Day!
2014-06-13,,143116,Greenlake 3k,1169,3.90,4.99,,,"groggy
"
2014-06-11,,274992,Pettis Loop2 (Mtn View),1045,3.51,4.96,,,low sleep!
2014-06-08,,143114,Reservoir Basic,1037,3.40,5.08,,,"Back from HongKong
"
2014-05-31,,143117,Greenlake 5k,1501,5.01,4.99,170,,"late AM, 2nd coffee, nice weather!"
2014-05-29,,274992,Pettis Loop2 (Mtn View),1060,3.51,5.03,,,felt solid
2014-05-27,,144248,Greenlake out-and-back 5k (deprecated),1525,4.71,5.39,,,
2014-05-22,,274992,Pettis Loop2 (Mtn View),1051,3.51,4.99,,,deal with it body!
2014-05-20,,291327,Pettis Loop 5K,1554,5.13,5.05,,,New route.
2014-05-17,,143117,Greenlake 5k,1520,5.01,5.06,,,Nice!
2014-05-14,,274992,Pettis Loop2 (Mtn View),1050,3.51,4.99,,,
2014-05-09,,274992,Pettis Loop2 (Mtn View),1065,3.51,5.06,,,Exact same as last one!
2014-05-07,,274992,Pettis Loop2 (Mtn View),1065,3.51,5.06,,,Hmm.
2014-05-03,,143116,Greenlake 3k,1229,3.90,5.25,,,took it easy - emphasized rythm.
2014-05-01,,274992,Pettis Loop2 (Mtn View),1041,3.51,4.94,,,Nice!
2014-04-27,,143116,Greenlake 3k,1157,3.90,4.94,,,Top Pot 5k(!)
2014-04-24,,274992,Pettis Loop2 (Mtn View),1078,3.51,5.12,,,pre-stretched
2014-04-22,,274992,Pettis Loop2 (Mtn View),1059,3.51,5.03,,,didn't even stretch - leg that good.
2014-04-20,,143118,Reservoir 5k,1541,4.98,5.15,,,First 5k in a while. Leg great!
2014-04-17,,274992,Pettis Loop2 (Mtn View),,3.51,,,,good run - forgot to start watch
2014-04-15,,,,1293,4.18,5.16,,,Pettis loop w/ wrong turn. No music!
2014-04-12,,143114,Reservoir Basic,986,3.40,4.83,,,Nice!
2014-04-09,,274992,Pettis Loop2 (Mtn View),1071,3.51,5.09,,,First Mtn View RUN!!
2014-04-06,,143116,Greenlake 3k,1201,3.90,5.13,,,Had cold and Mtn View startup.
2014-03-29,,143116,Greenlake 3k,1180,3.90,5.04,165,,Back after 2nd ankle sprain rest. 
2014-03-18,,143114,Reservoir Basic,1046,3.40,5.13,,,No music (time off for small ankle sprain)
2014-03-13,,143118,Reservoir 5k,1547,4.98,5.17,,,continued dynamic stretch
2014-03-11,,143116,Greenlake 3k,1141,3.90,4.88,,,leg pretty good. sunny.
2014-03-09,,249629,The Big Square,1588,5.10,5.18,,,went 28th instead of 29th!! (leg better after dynam stretch)
2014-03-06,,143114,Reservoir Basic,1035,3.40,5.07,,,Started squats for dynamic stretching (Dr. Wienstein)
2014-03-01,,143118,Reservoir 5k,1547,4.98,5.17,,,felt good. (touch toes b4 bkfst)
2014-02-27,,143116,Greenlake 3k,,3.90,,,,"screwed up timer. 
"
2014-02-25,,143116,Greenlake 3k,1194,3.90,5.10,,,Tired!
2014-02-24,Hike,,,10800,11.27,15.98,,,Bear Canyon Tucson
2014-02-22,Hike,,,18000,17.70,16.95,,,Aqua Caliente Canyon Tucson
2014-02-20,,143114,Reservoir Basic,1060,3.40,5.19,,,"Bad motivation, sore leg!"
2014-02-17,,144248,Greenlake out-and-back 5k (deprecated),1505,4.71,5.32,,,day after skiing
2014-02-11,,249629,The Big Square,1709,5.10,5.58,,,leg hurt whole time.
2014-02-08,,144248,Greenlake out-and-back 5k (deprecated),1500,4.71,5.30,,,re-start stretching.
2014-02-04,,143118,Reservoir 5k,1547,4.98,5.17,,,good push. leg good. 28deg
2014-02-02,,143117,Greenlake 5k,1672,5.01,5.56,,,took it easy. bad start on ham.
2014-01-30,,143114,Reservoir Basic,1027,3.40,5.03,,,"Hamstring, low sleep"
2014-01-28,,249629,The Big Square,1685,5.10,5.50,,,leg felt decent
2014-01-26,,249629,The Big Square,1692,5.10,5.52,,,New Route +130M vertical!
2014-01-23,,242812,Greenlake out-and-back 5k,1502,4.90,5.11,,,
2014-01-21,,143116,Greenlake 3k,1164,3.90,4.97,,,3k by mistake!
2014-01-19,,143118,Reservoir 5k,1567,4.98,5.24,,,Bye to Sophia!
2014-01-14,,143118,Reservoir 5k,1555,4.98,5.20,,,"low sleep, took it easy"
2014-01-11,,242812,Greenlake out-and-back 5k,1486,4.90,5.05,,,pushed it a bit - windy!
2014-01-09,,161151,Alec's UW 5k,1702,4.99,5.68,,,legs stiff at first. No music
2014-01-07,,143117,Greenlake 5k,1582,5.01,5.26,,,Kicked back a bit. Leg acting up.
2014-01-04,,144248,Greenlake out-and-back 5k (deprecated),1515,4.90,5.15,170,,"rough start & low sleep
"
2014-01-02,,143117,Greenlake 5k,1551,5.01,5.16,,,better sleep
2013-12-31,,143118,Reservoir 5k,1543,4.98,5.16,,,"better sleep!
"
2013-12-27,,143117,Greenlake 5k,1602,5.01,5.33,,,low sleep
2013-12-25,,143118,Reservoir 5k,1621,4.98,5.42,,,"not feeling 100%
"
2013-12-23,,143117,Greenlake 5k,1540,5.01,5.12,,,headwind?
2013-12-21,,143117,Greenlake 5k,1509,5.01,5.02,,,
2013-12-18,,143116,Greenlake 3k,1214,3.90,5.19,,,no mental focus. 
2013-12-15,,143116,Greenlake 3k,1185,3.90,5.06,,,
2013-12-13,,143114,Reservoir Basic,1045,3.40,5.12,,,"(3 runs in Hawaii!!)
"
2013-12-03,,143116,Greenlake 3k,1143,3.90,4.88,,,33deg!
2013-12-01,,143114,Reservoir Basic,1022,3.40,5.01,,,
2013-11-29,,235573,Santa Fe Route,1008,2.51,6.70,,,7000 ft. Altitude!!!
2013-11-26,,143116,Greenlake 3k,1177,3.90,5.03,,,Leg acting up!
2013-11-22,,234220,Upper Reservoir Park,1491,4.62,5.38,,,New - up to park (with a rest stop on top) Sunny!
2013-11-20,,143116,Greenlake 3k,1219,3.90,5.21,,,32 and sunny! (took it easy)
2013-11-17,,143114,Reservoir Basic,968,3.40,4.74,,,Pushed for speed: PR!!
2013-11-15,,143118,Reservoir 5k,1565,4.98,5.23,,,Trying the slow pace idea. 
2013-11-13,,143116,Greenlake 3k,1225,3.90,5.23,171,,"No sleep! stiff legs (virus??)
took it easy."
2013-11-10,,143114,Reservoir Basic,1007,3.40,4.93,,,
2013-11-08,,144248,Greenlake out-and-back 5k (deprecated),1472,4.90,5.01,,,
2013-11-05,,143114,Reservoir Basic,1034,3.40,5.07,,,New ASICS GT-2000 shoes
2013-11-03,,143116,Greenlake 3k,1189,3.90,5.08,,,worked on slower pace
2013-10-30,,143114,Reservoir Basic,988,3.40,4.84,,,
2013-10-27,,143117,Greenlake 5k,1479,5.01,4.92,,,
2013-10-25,,143116,Greenlake 3k,1161,3.90,4.96,,,
2013-10-22,,143118,Reservoir 5k,1506,4.98,5.04,,,
2013-10-20,,143116,Greenlake 3k,1162,3.90,4.96,,,
2013-10-17,,143114,Reservoir Basic,1000,3.40,4.90,,,
2013-10-13,,143114,Reservoir Basic,1005,3.40,4.92,,,
2013-10-11,,144248,Greenlake out-and-back 5k (deprecated),1483,4.90,5.04,,,
2013-10-08,,143114,Reservoir Basic,1013,3.40,4.96,,,
2013-10-06,,224778,Uphill to Quest,1483,4.48,5.51,,,WAY up hill!
2013-10-04,,143116,Greenlake 3k,1159,3.90,4.95,,,
2013-10-02,,143114,Reservoir Basic,1025,3.40,5.02,170,,
2013-09-28,,,,1142,3.50,5.44,170,,"Lincoln Park / Fullerton Beach
"
2013-09-24,,143114,Reservoir Basic,1034,3.40,5.07,,,
2013-09-21,,143116,Greenlake 3k,1178,3.90,5.03,,,
2013-09-17,,143114,Reservoir Basic,1022,3.40,5.01,,,"Finally broke 5:04!
"
2013-09-15,,143117,Greenlake 5k,1521,5.01,5.06,,,"Wow - I'm consistent at least!
"
2013-09-12,,143114,Reservoir Basic,1035,3.40,5.07,,,
2013-09-10,,143116,Greenlake 3k,1186,3.90,5.07,,,
2013-09-08,,143114,Reservoir Basic,1033,3.40,5.06,,,
2013-09-06,,,,1440,4.59,5.23,,,BG Trail / Univ Inn.
2013-09-03,,143116,Greenlake 3k,1186,3.90,5.07,,,
2013-09-01,,143118,Reservoir 5k,1572,4.98,5.26,,,long break -college trips 
2013-08-24,,143116,Greenlake 3k,1159,3.90,4.95,,,Back from back trouble and food poisoning!
2013-08-18,,143114,Reservoir Basic,991,3.40,4.86,,,Bringing back the pace.
2013-08-16,,143114,Reservoir Basic,1009,3.40,4.94,,,
2013-08-13,,144248,Greenlake out-and-back 5k (deprecated),1495,4.90,5.09,,,
2013-08-11,,,,1460,4.02,6.05,,,Union League Club Treadmill (incline)
2013-08-06,,143114,Reservoir Basic,1056,3.40,5.17,,,
2013-08-04,,143116,Greenlake 3k,1182,3.90,5.05,,,
2013-08-01,Run,143116,Greenlake 3k,1275,3.90,5.45,,,mp3 Malfunction!
2013-07-28,Run,204212,"Port Angeles, Cherry St.",1218,3.78,5.37,,,"First PA Run! (felt good)
"
2013-07-25,Run,143116,Greenlake 3k,1179,3.90,5.04,,,
2013-07-21,Run,143116,Greenlake 3k,1205,3.90,5.15,,,
2013-07-18,Run,143114,Reservoir Basic,1062,3.40,5.20,,,
2013-07-14,Run,143116,Greenlake 3k,1222,3.90,5.22,,,
2013-07-11,Run,143114,Reservoir Basic,1059,3.40,5.19,,,
2013-07-06,Run,143114,Reservoir Basic,1043,3.40,5.11,170,,I'm baaack! (tight L hamstring)
2013-05-19,Run,143114,Reservoir Basic,1073,3.40,5.26,170,,Slow and easy - hamstring
2013-05-16,Run,143116,Greenlake 3k,,3.90,,170,,Slow and easy (forgot to start timer)
2013-05-12,Run,143116,Greenlake 3k,1160,3.90,4.96,170,,still hamstrung!
2013-05-09,Run,143114,Reservoir Basic,981,3.40,4.81,170,,slight improvement in hamstring
2013-05-05,Run,143114,Reservoir Basic,1001,3.40,4.90,170,,
2013-05-02,Run,143114,Reservoir Basic,1001,3.40,4.90,165,,still on hamstring break
2013-04-27,Run,143116,Greenlake 3k,1153,3.90,4.93,170,,"Back from 9days off - Europe
"
2013-04-18,Run,143114,Reservoir Basic,1021,3.40,5.00,169,,
2013-04-16,Run,143116,Greenlake 3k,1140,3.90,4.87,170,,
2013-04-13,Run,143116,Greenlake 3k,1130,3.90,4.83,173,,
2013-04-10,Run,143116,Greenlake 3k,1155,3.90,4.94,173,,
2013-04-07,Run,143114,Reservoir Basic,1002,3.40,4.91,173,,hamstring better but still there.
2013-04-05,Run,143114,Reservoir Basic,1023,3.40,5.01,175,,
2013-04-02,Run,143116,Greenlake 3k,1270,3.90,5.43,175,,easing off for hamstring
2013-03-31,Run,143116,Greenlake 3k,1182,3.90,5.05,175,,"easing for left hamstring
"
2013-03-27,Run,143117,Greenlake 5k,1499,5.01,4.99,175,,
2013-03-23,Run,144248,Greenlake out-and-back 5k (deprecated),1422,4.90,4.84,175,,
2013-03-21,Run,143114,Reservoir Basic,977,3.40,4.79,175,,
2013-03-19,Run,143118,Reservoir 5k,1484,4.98,4.96,175,,
2013-03-17,Run,161151,Alec's UW 5k,1521,4.99,5.08,175,,New!
2013-03-13,Run,144248,Greenlake out-and-back 5k (deprecated),1459,4.71,5.16,175,,"-2hrs sleep!
"
2013-03-11,Run,143114,Reservoir Basic,1022,3.40,5.01,175,,
2013-03-09,run,143117,Greenlake 5k,1473,5.01,4.90,175,,
2013-03-05,Run,143116,Greenlake 3k,1135,3.90,4.85,174,,
2013-03-03,Run,144248,Greenlake out-and-back 5k (deprecated),1457,4.90,4.96,174,,"crowds!
"
2013-03-01,Run,143114,Reservoir Basic,1001,3.40,4.90,175,,
2013-02-27,Run,143118,Reservoir 5k,1517,4.98,5.07,175,,
2013-02-25,Run,156124,,1244,4.26,4.87,175,,Detour
2013-02-23,Run,143117,Greenlake 5k,1474,5.01,4.90,175,,
2013-02-21,Run,143114,Reservoir Basic,1029,3.40,5.04,174,,
2013-02-13,Run,143118,Reservoir 5k,1514,4.98,5.06,174,,
2013-02-11,Run,143116,Greenlake 3k,1142,3.90,4.88,174,,
2013-02-09,Run,144248,Greenlake out-and-back 5k (deprecated),1455,4.71,5.15,174,,"red light x 2
"
2013-02-05,run,143118,Reservoir 5k,1521,4.98,5.09,174,,
2013-02-03,Run,143117,Greenlake 5k,1523,5.01,5.07,174,,
2013-02-01,Run,143114,Reservoir Basic,1038,3.40,5.09,174,,
2013-01-29,Run,143116,Greenlake 3k,1241,3.90,5.30,173,,"Out week for cold.
"
2013-01-20,Run,143114,Reservoir Basic,1018,3.40,4.99,177,,
2013-01-17,Run,143116,Greenlake 3k,1195,3.90,5.11,180,,Icy!
2013-01-15,Run,143117,Greenlake 5k,1485,5.01,4.94,179,,
2013-01-13,Run,143117,Greenlake 5k,1476,5.01,4.91,180,,
2013-01-11,Run,144248,Greenlake out-and-back 5k (deprecated),1500,4.90,5.10,178,,
2013-01-07,Run,143118,Reservoir 5k,1557,4.98,5.21,180,,(estimated time)
2013-01-05,Run,143114,Reservoir Basic,1032,3.40,5.06,180,,
2013-01-03,Run,143117,Greenlake 5k,1516,5.01,5.04,180,,
2013-01-01,Run,143117,Greenlake 5k,1534,5.01,5.10,180,,
2012-12-31,Run,143114,Reservoir Basic,1070,3.40,5.24,184,,"Holiday!
"
2012-12-28,Treadmill,,,1500,4.83,5.18,,,Victoria BC Hotel
2012-12-26,Run-walk,144248,Greenlake out-and-back 5k (deprecated),1495,4.90,5.09,180,,
2012-12-24,Run-walk,143117,Greenlake 5k,1680,5.01,5.59,180,,
2012-12-22,Run,143117,Greenlake 5k,1540,5.01,5.12,180,,
2012-12-20,Run,143118,Reservoir 5k,1590,4.98,5.32,180,,
2012-12-18,Run,143117,Greenlake 5k,1546,5.01,5.14,180,,
2012-12-16,Run,143648,Walla Walla 3k,1020,3.39,5.01,180,,
2012-12-14,Run,143114,Reservoir Basic,1053,3.40,5.16,180,,
